start_date,duration_in_seconds,consent,proid,t_outgoing_d_3_first_click,t_outgoing_d_3_last_click,t_outgoing_d_3_page_submit,t_outgoing_d_3_click_count,outgoing_d_3,t_outgoing_d_3i_first_click,t_outgoing_d_3i_last_click,t_outgoing_d_3i_page_submit,t_outgoing_d_3i_click_count,outgoing_d_3i,t_helpful_d_3_first_click,t_helpful_d_3_last_click,t_helpful_d_3_page_submit,t_helpful_d_3_click_count,helpful_d_3,t_helpful_d_3i_first_click,t_helpful_d_3i_last_click,t_helpful_d_3i_page_submit,t_helpful_d_3i_click_count,helpful_d_3i,t_reckless_d_3_first_click,t_reckless_d_3_last_click,t_reckless_d_3_page_submit,t_reckless_d_3_click_count,reckless_d_3,t_reckless_d_3i_first_click,t_reckless_d_3i_last_click,t_reckless_d_3i_page_submit,t_reckless_d_3i_click_count,reckless_d_3i,t_moody_d_3_first_click,t_moody_d_3_last_click,t_moody_d_3_page_submit,t_moody_d_3_click_count,moody_d_3,t_moody_d_3i_first_click,t_moody_d_3i_last_click,t_moody_d_3i_page_submit,t_moody_d_3i_click_count,moody_d_3i,t_organized_d_3_first_click,t_organized_d_3_last_click,t_organized_d_3_page_submit,t_organized_d_3_click_count,organized_d_3,t_organized_d_3i_first_click,t_organized_d_3i_last_click,t_organized_d_3i_page_submit,t_organized_d_3i_click_count,organized_d_3i,t_friendly_d_3_first_click,t_friendly_d_3_last_click,t_friendly_d_3_page_submit,t_friendly_d_3_click_count,friendly_d_3,t_friendly_d_3i_first_click,t_friendly_d_3i_last_click,t_friendly_d_3i_page_submit,t_friendly_d_3i_click_count,friendly_d_3i,t_warm_d_3_first_click,t_warm_d_3_last_click,t_warm_d_3_page_submit,t_warm_d_3_click_count,warm_d_3,t_warm_d_3i_first_click,t_warm_d_3i_last_click,t_warm_d_3i_page_submit,t_warm_d_3i_click_count,warm_d_3i,t_worrying_d_3_first_click,t_worrying_d_3_last_click,t_worrying_d_3_page_submit,t_worrying_d_3_click_count,worrying_d_3,t_worrying_d_3i_first_click,t_worrying_d_3i_last_click,t_worrying_d_3i_page_submit,t_worrying_d_3i_click_count,worrying_d_3i,t_responsible_d_3_first_click,t_responsible_d_3_last_click,t_responsible_d_3_page_submit,t_responsible_d_3_click_count,responsible_d_3,t_responsible_d_3i_first_click,t_responsible_d_3i_last_click,t_responsible_d_3i_page_submit,t_responsible_d_3i_click_count,responsible_d_3i,t_lively_d_3_first_click,t_lively_d_3_last_click,t_lively_d_3_page_submit,t_lively_d_3_click_count,lively_d_3,t_lively_d_3i_first_click,t_lively_d_3i_last_click,t_lively_d_3i_page_submit,t_lively_d_3i_click_count,lively_d_3i,t_asleep_d_3_first_click,t_asleep_d_3_last_click,t_asleep_d_3_page_submit,t_asleep_d_3_click_count,asleep_d_3,t_asleep_d_3i_first_click,t_asleep_d_3i_last_click,t_asleep_d_3i_page_submit,t_asleep_d_3i_click_count,asleep_d_3i,t_caring_d_3_first_click,t_caring_d_3_last_click,t_caring_d_3_page_submit,t_caring_d_3_click_count,caring_d_3,t_caring_d_3i_first_click,t_caring_d_3i_last_click,t_caring_d_3i_page_submit,t_caring_d_3i_click_count,caring_d_3i,t_nervous_d_3_first_click,t_nervous_d_3_last_click,t_nervous_d_3_page_submit,t_nervous_d_3_click_count,nervous_d_3,t_nervous_d_3i_first_click,t_nervous_d_3i_last_click,t_nervous_d_3i_page_submit,t_nervous_d_3i_click_count,nervous_d_3i,t_creative_d_3_first_click,t_creative_d_3_last_click,t_creative_d_3_page_submit,t_creative_d_3_click_count,creative_d_3,t_creative_d_3i_first_click,t_creative_d_3i_last_click,t_creative_d_3i_page_submit,t_creative_d_3i_click_count,creative_d_3i,t_hardworking_d_3_first_click,t_hardworking_d_3_last_click,t_hardworking_d_3_page_submit,t_hardworking_d_3_click_count,hardworking_d_3,t_hardworking_d_3i_first_click,t_hardworking_d_3i_last_click,t_hardworking_d_3i_page_submit,t_hardworking_d_3i_click_count,hardworking_d_3i,t_imaginative_d_3_first_click,t_imaginative_d_3_last_click,t_imaginative_d_3_page_submit,t_imaginative_d_3_click_count,imaginative_d_3,t_imaginative_d_3i_first_click,t_imaginative_d_3i_last_click,t_imaginative_d_3i_page_submit,t_imaginative_d_3i_click_count,imaginative_d_3i,t_softhearted_d_3_first_click,t_softhearted_d_3_last_click,t_softhearted_d_3_page_submit,t_softhearted_d_3_click_count,softhearted_d_3,t_softhearted_d_3i_first_click,t_softhearted_d_3i_last_click,t_softhearted_d_3i_page_submit,t_softhearted_d_3i_click_count,softhearted_d_3i,t_calm_d_3_first_click,t_calm_d_3_last_click,t_calm_d_3_page_submit,t_calm_d_3_click_count,calm_d_3,t_calm_d_3i_first_click,t_calm_d_3i_last_click,t_calm_d_3i_page_submit,t_calm_d_3i_click_count,calm_d_3i,t_self_disciplind_d_3_first_click,t_self_disciplind_d_3_last_click,t_self_disciplind_d_3_page_submit,t_self_disciplind_d_3_click_count,self_disciplind_d_3,t_self_disciplind_d_3i_first_click,t_self_disciplind_d_3i_last_click,t_self_disciplind_d_3i_page_submit,t_self_disciplind_d_3i_click_count,self_disciplind_d_3i,t_intelligent_d_3_first_click,t_intelligent_d_3_last_click,t_intelligent_d_3_page_submit,t_intelligent_d_3_click_count,intelligent_d_3,t_intelligent_d_3i_first_click,t_intelligent_d_3i_last_click,t_intelligent_d_3i_page_submit,t_intelligent_d_3i_click_count,intelligent_d_3i,t_curious_d_3_first_click,t_curious_d_3_last_click,t_curious_d_3_page_submit,t_curious_d_3_click_count,curious_d_3,t_curious_d_3i_first_click,t_curious_d_3i_last_click,t_curious_d_3i_page_submit,t_curious_d_3i_click_count,curious_d_3i,t_active_d_3_first_click,t_active_d_3_last_click,t_active_d_3_page_submit,t_active_d_3_click_count,active_d_3,t_active_d_3i_first_click,t_active_d_3i_last_click,t_active_d_3i_page_submit,t_active_d_3i_click_count,active_d_3i,t_human_d_3_first_click,t_human_d_3_last_click,t_human_d_3_page_submit,t_human_d_3_click_count,human_d_3,t_human_d_3i_first_click,t_human_d_3i_last_click,t_human_d_3i_page_submit,t_human_d_3i_click_count,human_d_3i,t_careless_d_3_first_click,t_careless_d_3_last_click,t_careless_d_3_page_submit,t_careless_d_3_click_count,careless_d_3,t_careless_d_3i_first_click,t_careless_d_3i_last_click,t_careless_d_3i_page_submit,t_careless_d_3i_click_count,careless_d_3i,t_broad_minded_d_3_first_click,t_broad_minded_d_3_last_click,t_broad_minded_d_3_page_submit,t_broad_minded_d_3_click_count,broad_minded_d_3,t_broad_minded_d_3i_first_click,t_broad_minded_d_3i_last_click,t_broad_minded_d_3i_page_submit,t_broad_minded_d_3i_click_count,broad_minded_d_3i,t_impulsive_d_3_first_click,t_impulsive_d_3_last_click,t_impulsive_d_3_page_submit,t_impulsive_d_3_click_count,impulsive_d_3,t_impulsive_d_3i_first_click,t_impulsive_d_3i_last_click,t_impulsive_d_3i_page_submit,t_impulsive_d_3i_click_count,impulsive_d_3i,t_sympathetic_d_3_first_click,t_sympathetic_d_3_last_click,t_sympathetic_d_3_page_submit,t_sympathetic_d_3_click_count,sympathetic_d_3,t_sympathetic_d_3i_first_click,t_sympathetic_d_3i_last_click,t_sympathetic_d_3i_page_submit,t_sympathetic_d_3i_click_count,sympathetic_d_3i,t_cautious_d_3_first_click,t_cautious_d_3_last_click,t_cautious_d_3_page_submit,t_cautious_d_3_click_count,cautious_d_3,t_cautious_d_3i_first_click,t_cautious_d_3i_last_click,t_cautious_d_3i_page_submit,t_cautious_d_3i_click_count,cautious_d_3i,t_talkative_d_3_first_click,t_talkative_d_3_last_click,t_talkative_d_3_page_submit,t_talkative_d_3_click_count,talkative_d_3,t_talkative_d_3i_first_click,t_talkative_d_3i_last_click,t_talkative_d_3i_page_submit,t_talkative_d_3i_click_count,talkative_d_3i,t_sophisticated_d_3_first_click,t_sophisticated_d_3_last_click,t_sophisticated_d_3_page_submit,t_sophisticated_d_3_click_count,sophisticated_d_3,t_sophisticated_d_3i_first_click,t_sophisticated_d_3i_last_click,t_sophisticated_d_3i_page_submit,t_sophisticated_d_3i_click_count,sophisticated_d_3i,t_adventurous_d_3_first_click,t_adventurous_d_3_last_click,t_adventurous_d_3_page_submit,t_adventurous_d_3_click_count,adventurous_d_3,t_adventurous_d_3i_first_click,t_adventurous_d_3i_last_click,t_adventurous_d_3i_page_submit,t_adventurous_d_3i_click_count,adventurous_d_3i,t_thorough_d_3_first_click,t_thorough_d_3_last_click,t_thorough_d_3_page_submit,t_thorough_d_3_click_count,thorough_d_3,t_thorough_d_3i_first_click,t_thorough_d_3i_last_click,t_thorough_d_3i_page_submit,t_thorough_d_3i_click_count,thorough_d_3i,t_thrifty_d_3_first_click,t_thrifty_d_3_last_click,t_thrifty_d_3_page_submit,t_thrifty_d_3_click_count,thrifty_d_3,t_thrifty_d_3i_first_click,t_thrifty_d_3i_last_click,t_thrifty_d_3i_page_submit,t_thrifty_d_3i_click_count,thrifty_d_3i,t_quiet_d_3_first_click,t_quiet_d_3_last_click,t_quiet_d_3_page_submit,t_quiet_d_3_click_count,quiet_d_3,t_quiet_d_3i_first_click,t_quiet_d_3i_last_click,t_quiet_d_3i_page_submit,t_quiet_d_3i_click_count,quiet_d_3i,t_unsympathetic_d_3_first_click,t_unsympathetic_d_3_last_click,t_unsympathetic_d_3_page_submit,t_unsympathetic_d_3_click_count,unsympathetic_d_3,t_unsympathetic_d_3i_first_click,t_unsympathetic_d_3i_last_click,t_unsympathetic_d_3i_page_submit,t_unsympathetic_d_3i_click_count,unsympathetic_d_3i,t_relaxed_d_3_first_click,t_relaxed_d_3_last_click,t_relaxed_d_3_page_submit,t_relaxed_d_3_click_count,relaxed_d_3,t_relaxed_d_3i_first_click,t_relaxed_d_3i_last_click,t_relaxed_d_3i_page_submit,t_relaxed_d_3i_click_count,relaxed_d_3i,t_uncreative_d_3_first_click,t_uncreative_d_3_last_click,t_uncreative_d_3_page_submit,t_uncreative_d_3_click_count,uncreative_d_3,t_uncreative_d_3i_first_click,t_uncreative_d_3i_last_click,t_uncreative_d_3i_page_submit,t_uncreative_d_3i_click_count,uncreative_d_3i,t_shy_d_3_first_click,t_shy_d_3_last_click,t_shy_d_3_page_submit,t_shy_d_3_click_count,shy_d_3,t_shy_d_3i_first_click,t_shy_d_3i_last_click,t_shy_d_3i_page_submit,t_shy_d_3i_click_count,shy_d_3i,t_cold_d_3_first_click,t_cold_d_3_last_click,t_cold_d_3_page_submit,t_cold_d_3_click_count,cold_d_3,t_cold_d_3i_first_click,t_cold_d_3i_last_click,t_cold_d_3i_page_submit,t_cold_d_3i_click_count,cold_d_3i,t_unintellectual_d_3_first_click,t_unintellectual_d_3_last_click,t_unintellectual_d_3_page_submit,t_unintellectual_d_3_click_count,unintellectual_d_3,t_unintellectual_d_3i_first_click,t_unintellectual_d_3i_last_click,t_unintellectual_d_3i_page_submit,t_unintellectual_d_3i_click_count,unintellectual_d_3i,very_delayed_recall,fl_234_do_outgoing4,fl_234_do_outgoing4i,fl_42_do_helpful4,fl_42_do_helpful4i,fl_43_do_reckless4,fl_43_do_reckless4i,fl_44_do_moody4,fl_44_do_moody4i,fl_45_do_organized4,fl_45_do_organized4i,fl_46_do_friendly4,fl_46_do_friendly4i,fl_55_do_warm4,fl_55_do_warm4i,fl_60_do_worrying4,fl_60_do_worrying4i,fl_73_do_responsible4,fl_73_do_responsible4i,fl_74_do_lively4,fl_74_do_lively4i,fl_75_do_asleep4,fl_75_do_asleep4i,fl_84_do_caring4,fl_84_do_caring4i,fl_85_do_nervous4,fl_85_do_nervous4i,fl_98_do_creative4,fl_98_do_creative4i,fl_99_do_hardworking4,fl_99_do_hardworking4i,fl_100_do_imaginative4,fl_100_do_imaginative4i,fl_113_do_softhearted4,fl_113_do_softhearted4i,fl_114_do_calm4,fl_114_do_calm4i,fl_115_do_self_disciplined4,fl_115_do_self_disciplined4i,fl_128_do_intelligent4,fl_128_do_intelligent4i,fl_129_do_curious4,fl_129_do_curious4i,fl_130_do_active4,fl_130_do_active4i,fl_158_do_human4,fl_158_do_human4i,fl_159_do_careless4,fl_159_do_careless4i,fl_160_do_broad_minded4,fl_160_do_broad_minded4i,fl_177_do_impulsive4,fl_177_do_impulsive4i,fl_178_do_sympathetic4,fl_178_do_sympathetic4i,fl_179_do_cautious4,fl_179_do_cautious4i,fl_180_do_talkative4,fl_180_do_talkative4i,fl_193_do_sophisticated4,fl_193_do_sophisticated4i,fl_194_do_adventurous4,fl_194_do_adventurous4i,fl_195_do_thorough4,fl_195_do_thorough4i,fl_200_do_thrifty4,fl_200_do_thrifty4i,fl_257_do_quiet4,fl_257_do_quiet4i,fl_258_do_unsympathetic4,fl_258_do_unsympathetic4i,fl_259_do_relaxed4,fl_259_do_relaxed4i,fl_260_do_uncreative4,fl_260_do_uncreative4i,fl_261_do_shy4,fl_261_do_shy4i,fl_262_do_cold4,fl_262_do_cold4i,fl_263_do_unintellectual4,fl_263_do_unintellectual4i
2023-03-21T19:01:57Z,130,I agree,HRRnrr8OqvmklTMEvaIXixhT,2.716,2.716,2.728,1,Slightly accurate,NA,NA,NA,NA,NA,2.7,2.7,2.603,1,Slightly accurate,NA,NA,NA,NA,NA,NA,NA,NA,NA,NA,2.348,2.348,2.362,1,Slightly inaccurate,1.81,1.81,1.821,1,Slightly accurate,NA,NA,NA,NA,NA,1.652,1.652,1.665,1,Slightly inaccurate,NA,NA,NA,NA,NA,1.415,1.415,1.428,1,Slightly accurate,NA,NA,NA,NA,NA,1.265,1.265,1.276,1,Slightly accurate,NA,NA,NA,NA,NA,1.78,1.78,1.792,1,Moderately inaccurate,NA,NA,NA,NA,NA,NA,NA,NA,NA,NA,1.703,1.703,1.716,1,Slightly accurate,1.757,1.757,1.77,1,Slightly accurate,NA,NA,NA,NA,NA,NA,NA,NA,NA,NA,1.121,1.121,1.134,1,Moderately accurate,NA,NA,NA,NA,NA,1.264,1.264,1.277,1,Moderately accurate,1.338,1.338,1.349,1,Slightly inaccurate,NA,NA,NA,NA,NA,1.232,1.232,1.244,1,Slightly inaccurate,NA,NA,NA,NA,NA,2.067,2.067,2.079,1,Slightly accurate,NA,NA,NA,NA,NA,NA,NA,NA,NA,NA,1.356,1.356,1.368,1,Slightly inaccurate,NA,NA,NA,NA,NA,1.297,1.297,1.208,1,Moderately accurate,1.168,1.168,1.18,1,Moderately accurate,NA,NA,NA,NA,NA,NA,NA,NA,NA,NA,1.246,1.246,1.258,1,Slightly accurate,1.1,1.1,1.007,1,Moderately accurate,NA,NA,NA,NA,NA,NA,NA,NA,NA,NA,1.325,1.325,1.336,1,Moderately accurate,NA,NA,NA,NA,NA,1.549,1.549,1.557,1,Slightly inaccurate,1.373,1.373,1.385,1,Very accurate,NA,NA,NA,NA,NA,2.467,2.467,2.479,1,Slightly accurate,NA,NA,NA,NA,NA,1.361,1.361,1.372,1,Moderately accurate,NA,NA,NA,NA,NA,NA,NA,NA,NA,NA,3.768,3.768,3.782,1,Slightly accurate,NA,NA,NA,NA,NA,1.188,1.571,1.581,2,Moderately accurate,NA,NA,NA,NA,NA,3.119,3.119,3.132,1,Slightly inaccurate,NA,NA,NA,NA,NA,1.396,1.396,1.304,1,Slightly inaccurate,1.922,1.922,1.931,1,Moderately inaccurate,NA,NA,NA,NA,NA,1.212,1.212,1.224,1,Moderately accurate,NA,NA,NA,NA,NA,1.783,1.783,1.795,1,Slightly inaccurate,NA,NA,NA,NA,NA,NA,NA,NA,NA,NA,1.93,1.93,1.941,1,Moderately accurate,NA,NA,NA,NA,NA,1.417,1.417,1.429,1,Slightly accurate,1.281,1.281,1.294,1,Moderately inaccurate,NA,NA,NA,NA,NA,NA,NA,NA,NA,NA,1.588,1.588,1.597,1,Moderately accurate,NA,NA,NA,NA,NA,2.618,2.618,2.63,1,Slightly accurate,1.604,1.604,1.617,1,Slightly accurate,NA,NA,NA,NA,NA,NA,NA,NA,NA,NA,1.429,1.429,1.442,1,Moderately accurate,1.333,1.333,1.346,1,Moderately inaccurate,NA,NA,NA,NA,NA,"flag, butter, dollar, sky",1,NA,1,NA,NA,1,1,NA,1,NA,1,NA,1,NA,1,NA,NA,1,1,NA,NA,1,NA,1,1,NA,1,NA,1,NA,NA,1,NA,1,1,NA,NA,1,1,NA,NA,1,NA,1,1,NA,1,NA,1,NA,NA,1,NA,1,NA,1,NA,1,1,NA,1,NA,1,NA,NA,1,NA,1,1,NA,NA,1,NA,1,1,NA,NA,1,1,NA
2023-03-21T19:07:42Z,178,I agree,cpib4CuVbPKcKNhqJaia2TfU,3.637,3.637,3.644,1,Moderately accurate,NA,NA,NA,NA,NA,NA,NA,NA,NA,NA,1.563,1.563,1.571,1,Moderately accurate,NA,NA,NA,NA,NA,1.621,1.621,1.628,1,Moderately inaccurate,NA,NA,NA,NA,NA,1.914,1.914,1.92,1,Slightly inaccurate,NA,NA,NA,NA,NA,1.378,1.378,1.383,1,Very accurate,0.802,0.802,0.91,1,Moderately accurate,NA,NA,NA,NA,NA,1.047,1.047,1.053,1,Moderately accurate,NA,NA,NA,NA,NA,NA,NA,NA,NA,NA,1.4,1.4,1.408,1,Slightly accurate,1.073,1.544,1.551,2,Moderately accurate,NA,NA,NA,NA,NA,NA,NA,NA,NA,NA,1.353,1.353,1.359,1,Slightly accurate,NA,NA,NA,NA,NA,3.779,3.779,3.784,1,Slightly inaccurate,NA,NA,NA,NA,NA,2.487,2.487,2.493,1,Moderately accurate,1.596,1.596,1.602,1,Slightly accurate,NA,NA,NA,NA,NA,0.998,0.998,1.004,1,Moderately accurate,NA,NA,NA,NA,NA,NA,NA,NA,NA,NA,4.9,4.9,4.906,1,Very accurate,1.102,1.102,1.107,1,Moderately accurate,NA,NA,NA,NA,NA,NA,NA,NA,NA,NA,1.113,1.113,1.119,1,Slightly accurate,NA,NA,NA,NA,NA,1.157,1.157,1.164,1,Slightly accurate,1.585,1.585,1.591,1,Moderately accurate,NA,NA,NA,NA,NA,1.105,1.105,1.213,1,Very accurate,NA,NA,NA,NA,NA,NA,NA,NA,NA,NA,1.278,1.278,1.283,1,Moderately accurate,NA,NA,NA,NA,NA,1.717,1.717,1.724,1,Slightly inaccurate,1.438,1.438,1.444,1,Very accurate,NA,NA,NA,NA,NA,1.201,1.201,1.313,1,Moderately inaccurate,NA,NA,NA,NA,NA,2.736,2.736,2.742,1,Slightly accurate,NA,NA,NA,NA,NA,1.355,1.355,1.359,1,Moderately inaccurate,NA,NA,NA,NA,NA,NA,NA,NA,NA,NA,4.886,4.886,4.893,1,Moderately accurate,NA,NA,NA,NA,NA,18.723,18.723,18.73,1,Slightly accurate,NA,NA,NA,NA,NA,1.577,1.577,1.584,1,Slightly accurate,NA,NA,NA,NA,NA,2.407,2.407,2.414,1,Slightly inaccurate,NA,NA,NA,NA,NA,1.238,1.238,1.244,1,Slightly accurate,NA,NA,NA,NA,NA,1.746,1.746,1.753,1,Moderately accurate,4.642,4.642,4.649,1,Moderately accurate,NA,NA,NA,NA,NA,1.434,1.434,1.442,1,Slightly inaccurate,NA,NA,NA,NA,NA,1.129,1.129,1.135,1,Moderately inaccurate,NA,NA,NA,NA,NA,2.669,2.669,2.676,1,Slightly inaccurate,NA,NA,NA,NA,NA,NA,NA,NA,NA,NA,1.175,1.175,1.183,1,Slightly inaccurate,NA,NA,NA,NA,NA,1.102,1.102,1.214,1,Slightly inaccurate,2.763,2.763,2.77,1,Slightly inaccurate,NA,NA,NA,NA,NA,1.977,1.977,1.985,1,Moderately inaccurate,NA,NA,NA,NA,NA,"Shoes, woman, girl, blood",1,NA,NA,1,NA,1,NA,1,NA,1,1,NA,1,NA,NA,1,1,NA,NA,1,NA,1,NA,1,1,NA,1,NA,NA,1,1,NA,NA,1,NA,1,1,NA,1,NA,NA,1,NA,1,1,NA,1,NA,1,NA,1,NA,NA,1,NA,1,NA,1,NA,1,NA,1,NA,1,1,NA,1,NA,1,NA,1,NA,NA,1,NA,1,1,NA,1,NA
2023-03-21T19:07:31Z,235,I agree,EVmXzkmsutqdwzOQUP0UATir,NA,NA,NA,NA,NA,3.793,3.793,3.701,1,Very inaccurate,1.797,1.797,1.706,1,Very accurate,NA,NA,NA,NA,NA,4.515,4.515,4.528,1,Slightly inaccurate,NA,NA,NA,NA,NA,2.553,2.553,2.566,1,Very accurate,NA,NA,NA,NA,NA,1.934,1.934,1.946,1,Very inaccurate,NA,NA,NA,NA,NA,NA,NA,NA,NA,NA,1.83,1.83,1.841,1,Very accurate,NA,NA,NA,NA,NA,1.127,1.127,1.138,1,Very accurate,1.335,1.335,1.35,1,Very accurate,NA,NA,NA,NA,NA,NA,NA,NA,NA,NA,5.956,5.956,5.971,1,Moderately accurate,2.291,2.291,2.2,1,Moderately inaccurate,NA,NA,NA,NA,NA,3.975,3.975,3.988,1,Slightly inaccurate,NA,NA,NA,NA,NA,1.911,1.911,1.925,1,Very accurate,NA,NA,NA,NA,NA,NA,NA,NA,NA,NA,1.025,1.025,1.037,1,Very accurate,NA,NA,NA,NA,NA,1.074,1.074,1.085,1,Very accurate,2.62,2.62,2.632,1,Moderately inaccurate,NA,NA,NA,NA,NA,NA,NA,NA,NA,NA,1.413,1.413,1.422,1,Very accurate,1.401,1.401,1.413,1,Very accurate,NA,NA,NA,NA,NA,1.69,1.69,1.7,1,Very inaccurate,NA,NA,NA,NA,NA,NA,NA,NA,NA,NA,2.261,2.261,2.274,1,Moderately inaccurate,NA,NA,NA,NA,NA,1.363,1.363,1.376,1,Very accurate,1.073,1.073,1.087,1,Very accurate,NA,NA,NA,NA,NA,2.03,2.03,2.046,1,Very inaccurate,NA,NA,NA,NA,NA,NA,NA,NA,NA,NA,1.702,1.702,1.714,1,Very accurate,NA,NA,NA,NA,NA,1.997,1.997,1.907,1,Very inaccurate,NA,NA,NA,NA,NA,1.474,1.474,1.489,1,Very accurate,NA,NA,NA,NA,NA,3.46,3.46,3.474,1,Slightly accurate,1.378,1.378,1.391,1,Very accurate,NA,NA,NA,NA,NA,1.454,1.454,1.465,1,Very accurate,NA,NA,NA,NA,NA,NA,NA,NA,NA,NA,1.756,1.756,1.766,1,Very inaccurate,1.385,1.385,1.397,1,Very accurate,NA,NA,NA,NA,NA,3.255,3.255,3.267,1,Slightly accurate,NA,NA,NA,NA,NA,1.728,1.728,1.741,1,Very accurate,NA,NA,NA,NA,NA,NA,NA,NA,NA,NA,1.976,1.976,1.988,1,Moderately inaccurate,NA,NA,NA,NA,NA,1.329,1.329,1.341,1,Very accurate,5.132,5.132,5.146,1,Very inaccurate,NA,NA,NA,NA,NA,8.701,8.701,8.716,1,Very inaccurate,NA,NA,NA,NA,NA,13.837,13.837,13.85,1,Very inaccurate,NA,NA,NA,NA,NA,3.187,3.187,3.203,1,Slightly accurate,NA,NA,NA,NA,NA,NA,NA,NA,NA,NA,1.457,1.457,1.47,1,Very inaccurate,NA,NA,NA,NA,NA,1.153,1.153,1.167,1,Very inaccurate,"basket, table, sky, ocean",NA,1,1,NA,1,NA,1,NA,1,NA,NA,1,NA,1,1,NA,NA,1,1,NA,1,NA,1,NA,NA,1,NA,1,1,NA,NA,1,1,NA,1,NA,NA,1,NA,1,1,NA,1,NA,NA,1,NA,1,NA,1,NA,1,1,NA,1,NA,NA,1,1,NA,1,NA,1,NA,NA,1,NA,1,1,NA,1,NA,1,NA,1,NA,NA,1,NA,1
2023-03-21T19:37:06Z,161,I agree,MZa5gAU0ZDN2EOk7iWcJwu28,2.602,3.788,3.8,2,Moderately accurate,NA,NA,NA,NA,NA,NA,NA,NA,NA,NA,2.69,2.69,2.697,1,Very accurate,NA,NA,NA,NA,NA,2.698,2.698,2.602,1,Moderately accurate,2.162,2.162,2.17,1,Moderately accurate,NA,NA,NA,NA,NA,1.616,1.616,1.625,1,Very accurate,NA,NA,NA,NA,NA,NA,NA,NA,NA,NA,1.631,1.631,1.64,1,Very accurate,1.097,1.097,1.001,1,Moderately accurate,NA,NA,NA,NA,NA,NA,NA,NA,NA,NA,1.991,1.991,1.9,1,Slightly accurate,NA,NA,NA,NA,NA,1.519,1.519,1.527,1,Moderately accurate,1.653,1.653,1.662,1,Slightly accurate,NA,NA,NA,NA,NA,1.912,1.912,1.919,1,Slightly accurate,NA,NA,NA,NA,NA,NA,NA,NA,NA,NA,1.204,1.204,1.211,1,Moderately accurate,1.54,1.54,1.547,1,Slightly inaccurate,NA,NA,NA,NA,NA,1.03,1.03,1.037,1,Moderately accurate,NA,NA,NA,NA,NA,NA,NA,NA,NA,NA,1.679,1.679,1.685,1,Moderately accurate,NA,NA,NA,NA,NA,1.129,1.129,1.137,1,Moderately accurate,1.658,1.658,1.666,1,Very accurate,NA,NA,NA,NA,NA,NA,NA,NA,NA,NA,1.056,1.056,1.068,1,Moderately accurate,NA,NA,NA,NA,NA,1.369,1.369,1.377,1,Moderately accurate,1.522,1.522,1.532,1,Very accurate,NA,NA,NA,NA,NA,0.99,0.99,0.996,1,Moderately accurate,NA,NA,NA,NA,NA,NA,NA,NA,NA,NA,1.165,1.165,1.172,1,Moderately accurate,1.411,1.411,1.421,1,Very accurate,NA,NA,NA,NA,NA,NA,NA,NA,NA,NA,1.795,1.795,1.806,1,Slightly inaccurate,NA,NA,NA,NA,NA,1.51,1.51,1.519,1,Slightly accurate,NA,NA,NA,NA,NA,1.002,1.002,1.114,1,Moderately accurate,1.095,1.095,1.102,1,Moderately accurate,NA,NA,NA,NA,NA,1.401,1.401,1.41,1,Slightly inaccurate,NA,NA,NA,NA,NA,1.153,1.153,1.163,1,Very accurate,NA,NA,NA,NA,NA,0.887,0.887,0.898,1,Moderately accurate,NA,NA,NA,NA,NA,NA,NA,NA,NA,NA,1.275,1.275,1.284,1,Moderately accurate,1.396,1.396,1.403,1,Moderately accurate,NA,NA,NA,NA,NA,1.939,1.939,1.947,1,Moderately inaccurate,NA,NA,NA,NA,NA,1.198,1.198,1.103,1,Moderately inaccurate,NA,NA,NA,NA,NA,NA,NA,NA,NA,NA,1.046,1.046,1.054,1,Moderately inaccurate,NA,NA,NA,NA,NA,1.625,1.625,1.633,1,Slightly accurate,NA,NA,NA,NA,NA,1.26,1.26,1.266,1,Very inaccurate,NA,NA,NA,NA,NA,1.056,1.056,1.062,1,Moderately inaccurate,0.749,0.749,0.757,1,Moderately inaccurate,NA,NA,NA,NA,NA,NA,NA,NA,NA,NA,1.726,1.726,1.732,1,Very inaccurate,"college, warm, sophisticated",1,NA,NA,1,NA,1,1,NA,1,NA,NA,1,1,NA,NA,1,NA,1,1,NA,1,NA,NA,1,1,NA,1,NA,NA,1,NA,1,1,NA,NA,1,NA,1,1,NA,1,NA,NA,1,1,NA,NA,1,NA,1,NA,1,1,NA,1,NA,1,NA,1,NA,NA,1,1,NA,1,NA,1,NA,NA,1,NA,1,NA,1,NA,1,1,NA,NA,1
2023-03-21T20:03:45Z,193,I agree,28AmlN7tdwaRrTvCrhTr0JQy,NA,NA,NA,NA,NA,3.516,3.516,3.523,1,Moderately accurate,2.28,2.28,2.286,1,Very accurate,NA,NA,NA,NA,NA,2.214,2.214,2.22,1,Slightly accurate,NA,NA,NA,NA,NA,NA,NA,NA,NA,NA,2.084,2.084,2.091,1,Moderately inaccurate,NA,NA,NA,NA,NA,2.537,2.537,2.543,1,Very inaccurate,1.498,1.498,1.4,1,Moderately accurate,NA,NA,NA,NA,NA,NA,NA,NA,NA,NA,1.582,1.582,1.588,1,Very accurate,1.956,1.956,1.962,1,Slightly inaccurate,NA,NA,NA,NA,NA,1.803,1.803,1.809,1,Moderately accurate,NA,NA,NA,NA,NA,NA,NA,NA,NA,NA,2.896,2.896,2.801,1,Moderately accurate,NA,NA,NA,NA,NA,1.736,1.736,1.743,1,Moderately accurate,1.35,1.35,1.355,1,Very accurate,NA,NA,NA,NA,NA,NA,NA,NA,NA,NA,4.278,4.278,4.284,1,Moderately inaccurate,NA,NA,NA,NA,NA,3.403,3.403,3.51,1,Very accurate,1.236,1.236,1.242,1,Moderately accurate,NA,NA,NA,NA,NA,1.437,1.437,1.443,1,Very accurate,NA,NA,NA,NA,NA,NA,NA,NA,NA,NA,1.616,1.616,1.623,1,Very accurate,1.357,1.357,1.363,1,Moderately accurate,NA,NA,NA,NA,NA,1.097,1.097,1.003,1,Slightly accurate,NA,NA,NA,NA,NA,NA,NA,NA,NA,NA,1.602,1.602,1.711,1,Moderately accurate,NA,NA,NA,NA,NA,1.519,1.519,1.525,1,Very accurate,1.382,1.382,1.388,1,Slightly accurate,NA,NA,NA,NA,NA,NA,NA,NA,NA,NA,1.24,1.24,1.246,1,Very accurate,2.376,2.376,2.382,1,Slightly inaccurate,NA,NA,NA,NA,NA,1.579,1.579,1.585,1,Very accurate,NA,NA,NA,NA,NA,1.736,1.736,1.741,1,Slightly accurate,NA,NA,NA,NA,NA,NA,NA,NA,NA,NA,4.148,4.148,4.154,1,Very accurate,NA,NA,NA,NA,NA,10.17,10.17,10.176,1,Moderately accurate,1.892,1.892,1.898,1,Very accurate,NA,NA,NA,NA,NA,NA,NA,NA,NA,NA,1.71,1.71,1.716,1,Slightly accurate,1.406,1.406,1.52,1,Moderately accurate,NA,NA,NA,NA,NA,NA,NA,NA,NA,NA,1.216,1.216,1.223,1,Moderately accurate,NA,NA,NA,NA,NA,1.334,1.334,1.34,1,Moderately accurate,NA,NA,NA,NA,NA,1.541,1.541,1.546,1,Slightly accurate,NA,NA,NA,NA,NA,1.588,1.588,1.594,1,Very inaccurate,NA,NA,NA,NA,NA,1.8,1.8,1.702,1,Moderately accurate,1.334,1.334,1.34,1,Very inaccurate,NA,NA,NA,NA,NA,2.05,2.05,2.056,1,Slightly accurate,NA,NA,NA,NA,NA,NA,NA,NA,NA,NA,1.923,1.923,1.929,1,Very inaccurate,1.225,1.225,1.23,1,Very inaccurate,NA,NA,NA,NA,NA,"Tree,Child,Book,Gold,Hotel",NA,1,1,NA,1,NA,NA,1,NA,1,1,NA,NA,1,1,NA,1,NA,NA,1,NA,1,1,NA,NA,1,NA,1,1,NA,1,NA,NA,1,1,NA,1,NA,NA,1,NA,1,1,NA,NA,1,1,NA,1,NA,1,NA,NA,1,NA,1,1,NA,NA,1,1,NA,NA,1,NA,1,NA,1,NA,1,NA,1,1,NA,1,NA,NA,1,1,NA
2023-03-21T20:06:18Z,263,I agree,RfpQSVnSA9sglGqiWR2HKo5W,NA,NA,NA,NA,NA,4.634,4.634,4.671,1,Slightly accurate,NA,NA,NA,NA,NA,2.174,2.174,2.102,1,Slightly accurate,NA,NA,NA,NA,NA,2.989,2.989,2.905,1,Slightly inaccurate,2.337,2.337,2.364,1,Moderately accurate,NA,NA,NA,NA,NA,1.404,1.404,1.428,1,Moderately accurate,NA,NA,NA,NA,NA,2.245,2.245,2.269,1,Slightly accurate,NA,NA,NA,NA,NA,NA,NA,NA,NA,NA,2.19,2.19,2.107,1,Slightly accurate,2.445,2.445,2.484,1,Moderately accurate,NA,NA,NA,NA,NA,NA,NA,NA,NA,NA,20.587,20.587,20.502,1,Slightly accurate,NA,NA,NA,NA,NA,2.003,2.003,2.139,1,Slightly inaccurate,NA,NA,NA,NA,NA,3.27,3.27,3.3,1,Moderately inaccurate,NA,NA,NA,NA,NA,2.526,2.526,2.576,1,Slightly inaccurate,NA,NA,NA,NA,NA,1.283,1.283,1.205,1,Moderately accurate,NA,NA,NA,NA,NA,1.404,1.404,1.54,1,Very accurate,NA,NA,NA,NA,NA,1.641,2.117,2.143,2,Moderately accurate,NA,NA,NA,NA,NA,1.535,1.535,1.562,1,Very accurate,NA,NA,NA,NA,NA,2.096,2.096,2.125,1,Slightly inaccurate,1.904,1.904,1.928,1,Slightly inaccurate,NA,NA,NA,NA,NA,3.292,3.292,3.203,1,Moderately accurate,NA,NA,NA,NA,NA,2.949,3.602,3.648,2,Very accurate,NA,NA,NA,NA,NA,1.589,1.589,1.504,1,Moderately accurate,NA,NA,NA,NA,NA,NA,NA,NA,NA,NA,2.18,2.18,2.101,1,Slightly accurate,3.088,3.088,3.005,1,Very accurate,NA,NA,NA,NA,NA,1.9,1.9,1.923,1,Slightly accurate,NA,NA,NA,NA,NA,1.789,1.789,1.705,1,Very accurate,NA,NA,NA,NA,NA,NA,NA,NA,NA,NA,1.623,1.623,1.655,1,Moderately inaccurate,2.373,2.373,2.413,1,Slightly inaccurate,NA,NA,NA,NA,NA,NA,NA,NA,NA,NA,1.471,1.471,1.501,1,Slightly accurate,NA,NA,NA,NA,NA,1.263,1.263,1.289,1,Slightly inaccurate,NA,NA,NA,NA,NA,1.353,1.353,1.38,1,Moderately accurate,6.978,6.978,6.908,1,Moderately accurate,NA,NA,NA,NA,NA,NA,NA,NA,NA,NA,3.069,3.069,3.1,1,Moderately accurate,1.615,1.615,1.65,1,Slightly inaccurate,NA,NA,NA,NA,NA,1.849,1.849,1.879,1,Slightly accurate,NA,NA,NA,NA,NA,2.395,2.395,2.433,1,Slightly inaccurate,NA,NA,NA,NA,NA,NA,NA,NA,NA,NA,13.586,14.669,14.686,2,Slightly inaccurate,18.396,18.396,18.301,1,Moderately inaccurate,NA,NA,NA,NA,NA,NA,NA,NA,NA,NA,1.782,1.782,1.702,1,Slightly accurate,4.67,4.67,4.601,1,Slightly accurate,NA,NA,NA,NA,NA,1.711,1.711,1.742,1,Very inaccurate,NA,NA,NA,NA,NA,Table,NA,1,NA,1,NA,1,1,NA,1,NA,1,NA,NA,1,1,NA,NA,1,NA,1,NA,1,NA,1,NA,1,NA,1,NA,1,NA,1,NA,1,1,NA,1,NA,1,NA,1,NA,NA,1,1,NA,1,NA,1,NA,NA,1,1,NA,NA,1,NA,1,NA,1,1,NA,NA,1,1,NA,1,NA,1,NA,NA,1,1,NA,NA,1,1,NA,1,NA
2023-03-21T20:24:14Z,323,I agree,1qXTtDWLA1hISwdl8zgoMHJx,6.302,6.302,6.454,1,Very inaccurate,NA,NA,NA,NA,NA,6.277,6.277,6.202,1,Moderately accurate,NA,NA,NA,NA,NA,3.09,3.09,3.003,1,Very inaccurate,NA,NA,NA,NA,NA,NA,NA,NA,NA,NA,5.232,5.232,5.259,1,Very inaccurate,NA,NA,NA,NA,NA,4.363,4.363,4.387,1,Slightly accurate,NA,NA,NA,NA,NA,5.281,5.281,5.201,1,Very accurate,5.639,5.639,5.664,1,Slightly accurate,NA,NA,NA,NA,NA,NA,NA,NA,NA,NA,4.959,4.959,4.984,1,Slightly inaccurate,4.502,4.502,4.636,1,Moderately accurate,NA,NA,NA,NA,NA,4.905,4.905,4.932,1,Moderately inaccurate,NA,NA,NA,NA,NA,3.883,3.883,3.801,1,Moderately inaccurate,NA,NA,NA,NA,NA,3.527,3.527,3.556,1,Moderately accurate,NA,NA,NA,NA,NA,3.045,3.045,3.074,1,Moderately inaccurate,NA,NA,NA,NA,NA,2.295,2.295,2.202,1,Slightly accurate,NA,NA,NA,NA,NA,6.431,6.431,6.453,1,Slightly accurate,NA,NA,NA,NA,NA,4.367,4.367,4.39,1,Slightly inaccurate,NA,NA,NA,NA,NA,3.54,3.54,3.57,1,Slightly inaccurate,NA,NA,NA,NA,NA,NA,NA,NA,NA,NA,4.4,4.4,4.427,1,Moderately accurate,NA,NA,NA,NA,NA,6.226,6.226,6.253,1,Moderately accurate,NA,NA,NA,NA,NA,3.099,3.099,3.123,1,Moderately accurate,NA,NA,NA,NA,NA,1.934,1.934,1.956,1,Moderately accurate,3.127,3.127,3.153,1,Slightly inaccurate,NA,NA,NA,NA,NA,NA,NA,NA,NA,NA,5.67,5.67,5.692,1,Very accurate,NA,NA,NA,NA,NA,1.782,1.782,1.704,1,Very inaccurate,NA,NA,NA,NA,NA,3.355,3.355,3.382,1,Slightly accurate,4.374,4.374,4.399,1,Slightly inaccurate,NA,NA,NA,NA,NA,NA,NA,NA,NA,NA,5.844,5.844,5.87,1,Slightly accurate,4.227,4.227,4.25,1,Very accurate,NA,NA,NA,NA,NA,1.395,1.395,1.304,1,Very inaccurate,NA,NA,NA,NA,NA,2.235,2.235,2.264,1,Moderately inaccurate,NA,NA,NA,NA,NA,NA,NA,NA,NA,NA,4.147,4.147,4.174,1,Slightly accurate,8.435,8.435,8.458,1,Slightly accurate,NA,NA,NA,NA,NA,NA,NA,NA,NA,NA,3.146,3.146,3.168,1,Slightly accurate,NA,NA,NA,NA,NA,2.673,2.673,2.696,1,Very accurate,NA,NA,NA,NA,NA,3.079,3.079,3.103,1,Slightly inaccurate,5.889,5.889,5.804,1,Moderately accurate,NA,NA,NA,NA,NA,NA,NA,NA,NA,NA,4.974,4.974,4.997,1,Slightly accurate,2.946,2.946,2.974,1,Very accurate,NA,NA,NA,NA,NA,NA,NA,NA,NA,NA,1.207,1.207,1.343,1,Very inaccurate,NA,NA,NA,NA,NA,1.644,1.644,1.671,1,Very inaccurate,I don't remember any of those words.,1,NA,1,NA,1,NA,NA,1,NA,1,NA,1,1,NA,NA,1,1,NA,1,NA,1,NA,1,NA,1,NA,1,NA,1,NA,1,NA,1,NA,NA,1,NA,1,NA,1,NA,1,1,NA,NA,1,NA,1,NA,1,1,NA,NA,1,1,NA,1,NA,1,NA,NA,1,1,NA,NA,1,NA,1,NA,1,1,NA,NA,1,1,NA,NA,1,NA,1
2023-03-21T20:28:47Z,114,I agree,kxjxjP1kMxZ08auSXZObjs5H,NA,NA,NA,NA,NA,2.527,2.527,2.541,1,Very inaccurate,NA,NA,NA,NA,NA,1.654,1.654,1.663,1,Slightly accurate,1.319,1.319,1.33,1,Moderately inaccurate,NA,NA,NA,NA,NA,1.435,1.435,1.444,1,Moderately accurate,NA,NA,NA,NA,NA,NA,NA,NA,NA,NA,1.284,1.284,1.295,1,Moderately accurate,NA,NA,NA,NA,NA,1.408,1.408,1.417,1,Slightly accurate,1.474,1.474,1.485,1,Moderately accurate,NA,NA,NA,NA,NA,NA,NA,NA,NA,NA,1.123,1.123,1.134,1,Moderately accurate,NA,NA,NA,NA,NA,1.244,1.244,1.253,1,Slightly accurate,1.378,1.378,1.386,1,Moderately inaccurate,NA,NA,NA,NA,NA,2.12,2.12,2.13,1,Slightly accurate,NA,NA,NA,NA,NA,1.34,1.34,1.351,1,Moderately accurate,NA,NA,NA,NA,NA,1.054,1.054,1.063,1,Moderately accurate,NA,NA,NA,NA,NA,NA,NA,NA,NA,NA,1.051,1.051,1.06,1,Very accurate,1.211,1.211,1.22,1,Slightly accurate,NA,NA,NA,NA,NA,1.048,1.048,1.058,1,Very accurate,NA,NA,NA,NA,NA,1.032,1.032,1.043,1,Moderately accurate,NA,NA,NA,NA,NA,1.371,1.371,1.381,1,Slightly inaccurate,NA,NA,NA,NA,NA,1.437,1.437,1.447,1,Moderately accurate,NA,NA,NA,NA,NA,NA,NA,NA,NA,NA,1.025,1.025,1.033,1,Very accurate,NA,NA,NA,NA,NA,1.037,1.037,1.046,1,Moderately accurate,1.377,1.377,1.387,1,Slightly inaccurate,NA,NA,NA,NA,NA,1.202,1.202,1.212,1,Very accurate,NA,NA,NA,NA,NA,1.383,1.383,1.392,1,Moderately inaccurate,NA,NA,NA,NA,NA,NA,NA,NA,NA,NA,1.266,1.266,1.273,1,Moderately accurate,1.251,1.251,1.259,1,Moderately inaccurate,NA,NA,NA,NA,NA,NA,NA,NA,NA,NA,1.019,1.019,1.028,1,Slightly accurate,1.098,1.098,1.108,1,Moderately accurate,NA,NA,NA,NA,NA,NA,NA,NA,NA,NA,1.583,2.618,2.628,2,Moderately inaccurate,NA,NA,NA,NA,NA,1.343,1.343,1.352,1,Moderately accurate,NA,NA,NA,NA,NA,1.13,1.13,1.138,1,Moderately inaccurate,NA,NA,NA,NA,NA,1.043,1.043,1.065,1,Slightly accurate,1.166,1.166,1.176,1,Slightly accurate,NA,NA,NA,NA,NA,1.05,1.05,1.061,1,Moderately accurate,NA,NA,NA,NA,NA,NA,NA,NA,NA,NA,1.248,1.248,1.263,1,Moderately inaccurate,1.371,1.371,1.382,1,Slightly inaccurate,NA,NA,NA,NA,NA,NA,NA,NA,NA,NA,1.169,1.169,1.18,1,Very inaccurate,1.243,1.243,1.254,1,Moderately accurate,NA,NA,NA,NA,NA,NA,NA,NA,NA,NA,1.589,1.589,1.599,1,Slightly inaccurate,1.207,1.207,1.216,1,Moderately inaccurate,NA,NA,NA,NA,NA,I don't remember that at all,NA,1,NA,1,1,NA,1,NA,NA,1,NA,1,1,NA,NA,1,NA,1,1,NA,1,NA,1,NA,1,NA,NA,1,1,NA,1,NA,1,NA,1,NA,1,NA,NA,1,NA,1,1,NA,1,NA,1,NA,NA,1,1,NA,NA,1,1,NA,NA,1,NA,1,NA,1,NA,1,1,NA,1,NA,NA,1,1,NA,NA,1,1,NA,NA,1,1,NA
2023-03-21T21:00:15Z,169,I agree,RvP0NSNmgunzwuWi8yUHtmME,3.608,3.608,3.618,1,Moderately accurate,NA,NA,NA,NA,NA,1.815,1.815,1.825,1,Moderately accurate,NA,NA,NA,NA,NA,NA,NA,NA,NA,NA,3.123,3.123,3.128,1,Moderately inaccurate,NA,NA,NA,NA,NA,1.812,1.812,1.822,1,Very accurate,4.966,4.966,4.977,1,Moderately accurate,NA,NA,NA,NA,NA,1.331,1.331,1.34,1,Moderately accurate,NA,NA,NA,NA,NA,NA,NA,NA,NA,NA,1.053,1.053,1.062,1,Moderately accurate,1.963,1.963,1.972,1,Slightly accurate,NA,NA,NA,NA,NA,1.275,1.275,1.285,1,Moderately accurate,NA,NA,NA,NA,NA,NA,NA,NA,NA,NA,1.947,1.947,1.955,1,Slightly accurate,NA,NA,NA,NA,NA,3.146,6.548,6.559,2,Slightly accurate,NA,NA,NA,NA,NA,1.671,1.671,1.681,1,Moderately accurate,NA,NA,NA,NA,NA,1.444,1.444,1.454,1,Slightly accurate,1.158,1.158,1.17,1,Moderately accurate,NA,NA,NA,NA,NA,NA,NA,NA,NA,NA,1.59,1.59,1.6,1,Slightly accurate,NA,NA,NA,NA,NA,1.209,1.209,1.218,1,Moderately accurate,NA,NA,NA,NA,NA,1.279,1.279,1.288,1,Moderately accurate,NA,NA,NA,NA,NA,1.953,1.953,1.961,1,Slightly accurate,NA,NA,NA,NA,NA,1.272,1.272,1.28,1,Slightly accurate,1.631,1.631,1.642,1,Moderately accurate,NA,NA,NA,NA,NA,1.131,1.131,1.14,1,Moderately accurate,NA,NA,NA,NA,NA,NA,NA,NA,NA,NA,1.4,1.4,1.512,1,Slightly accurate,NA,NA,NA,NA,NA,2.76,2.76,2.771,1,Very accurate,3.823,3.823,3.833,1,Moderately inaccurate,NA,NA,NA,NA,NA,1.868,1.868,1.877,1,Moderately accurate,NA,NA,NA,NA,NA,NA,NA,NA,NA,NA,3.122,3.122,3.132,1,Slightly inaccurate,1.799,1.799,1.706,1,Moderately accurate,NA,NA,NA,NA,NA,NA,NA,NA,NA,NA,5.123,5.123,5.134,1,Slightly accurate,2.186,2.186,2.196,1,Slightly accurate,NA,NA,NA,NA,NA,2.67,2.67,2.679,1,Moderately inaccurate,NA,NA,NA,NA,NA,1.402,1.402,1.411,1,Slightly accurate,NA,NA,NA,NA,NA,2.021,2.021,2.03,1,Moderately inaccurate,NA,NA,NA,NA,NA,NA,NA,NA,NA,NA,1.775,1.775,1.785,1,Moderately accurate,NA,NA,NA,NA,NA,2.075,2.075,2.084,1,Slightly inaccurate,1.534,1.534,1.542,1,Very inaccurate,NA,NA,NA,NA,NA,NA,NA,NA,NA,NA,1.493,1.493,1.4,1,Slightly accurate,1.387,1.387,1.397,1,Very inaccurate,NA,NA,NA,NA,NA,NA,NA,NA,NA,NA,4.638,4.638,4.659,1,Slightly inaccurate,1.964,1.964,1.973,1,Very inaccurate,NA,NA,NA,NA,NA,NA,NA,NA,NA,NA,3.471,5.217,5.227,2,Moderately inaccurate,None,1,NA,1,NA,NA,1,NA,1,1,NA,1,NA,NA,1,1,NA,1,NA,NA,1,NA,1,NA,1,NA,1,1,NA,NA,1,NA,1,NA,1,NA,1,NA,1,1,NA,1,NA,NA,1,NA,1,1,NA,1,NA,NA,1,1,NA,NA,1,1,NA,1,NA,1,NA,1,NA,NA,1,NA,1,1,NA,NA,1,1,NA,NA,1,1,NA,NA,1
2023-03-21T21:06:06Z,158,I agree,yinnmJiVxeS1UWPc2wMWwVkf,NA,NA,NA,NA,NA,3.15,3.15,3.205,1,Moderately inaccurate,1.885,1.885,1.943,1,Moderately accurate,NA,NA,NA,NA,NA,NA,NA,NA,NA,NA,1.417,1.417,1.474,1,Very inaccurate,1.717,1.717,1.771,1,Moderately accurate,NA,NA,NA,NA,NA,NA,NA,NA,NA,NA,1.964,1.964,2.018,1,Moderately inaccurate,1.865,1.865,1.921,1,Moderately accurate,NA,NA,NA,NA,NA,1.401,1.401,1.553,1,Slightly inaccurate,NA,NA,NA,NA,NA,1.416,1.416,1.469,1,Very accurate,NA,NA,NA,NA,NA,1.617,1.617,1.67,1,Moderately accurate,NA,NA,NA,NA,NA,1.457,1.457,1.512,1,Moderately inaccurate,NA,NA,NA,NA,NA,1.368,1.368,1.418,1,Moderately accurate,NA,NA,NA,NA,NA,1.844,1.844,1.9,1,Slightly accurate,NA,NA,NA,NA,NA,1.5,1.5,1.555,1,Very accurate,NA,NA,NA,NA,NA,NA,NA,NA,NA,NA,1.631,1.631,1.686,1,Moderately accurate,NA,NA,NA,NA,NA,2.139,2.139,2.193,1,Moderately inaccurate,NA,NA,NA,NA,NA,2.227,2.227,2.282,1,Moderately accurate,NA,NA,NA,NA,NA,18.714,18.714,18.766,1,Moderately accurate,1.821,1.821,1.874,1,Slightly accurate,NA,NA,NA,NA,NA,NA,NA,NA,NA,NA,2.252,2.252,2.31,1,Moderately inaccurate,1.933,1.933,2,1,Moderately accurate,NA,NA,NA,NA,NA,NA,NA,NA,NA,NA,1.017,1.017,1.072,1,Moderately accurate,1.281,1.281,1.337,1,Moderately inaccurate,NA,NA,NA,NA,NA,1.248,1.248,1.302,1,Very accurate,NA,NA,NA,NA,NA,NA,NA,NA,NA,NA,1.922,1.922,1.976,1,Moderately inaccurate,2.534,2.534,2.587,1,Moderately accurate,NA,NA,NA,NA,NA,NA,NA,NA,NA,NA,1.772,1.772,1.826,1,Moderately inaccurate,NA,NA,NA,NA,NA,1.09,1.09,1.146,1,Moderately accurate,NA,NA,NA,NA,NA,1.374,1.374,1.436,1,Moderately accurate,1.635,1.635,1.692,1,Moderately inaccurate,NA,NA,NA,NA,NA,NA,NA,NA,NA,NA,5.762,5.762,5.813,1,Slightly inaccurate,2.318,2.318,2.373,1,Slightly inaccurate,NA,NA,NA,NA,NA,NA,NA,NA,NA,NA,1.645,1.645,1.707,1,Moderately accurate,NA,NA,NA,NA,NA,2.153,2.153,2.211,1,Slightly inaccurate,1.474,1.474,1.527,1,Very accurate,NA,NA,NA,NA,NA,1.432,1.432,1.489,1,Moderately inaccurate,NA,NA,NA,NA,NA,NA,NA,NA,NA,NA,2.229,2.229,2.279,1,Moderately inaccurate,NA,NA,NA,NA,NA,4.338,4.338,4.391,1,Very inaccurate,NA,NA,NA,NA,NA,1.35,1.35,1.403,1,Moderately accurate,1.982,1.982,2.038,1,Slightly accurate,NA,NA,NA,NA,NA,1.617,1.617,1.672,1,Very inaccurate,NA,NA,NA,NA,NA,Box,NA,1,1,NA,NA,1,1,NA,NA,1,1,NA,1,NA,1,NA,1,NA,1,NA,1,NA,1,NA,1,NA,NA,1,NA,1,NA,1,NA,1,1,NA,NA,1,1,NA,NA,1,1,NA,1,NA,NA,1,1,NA,NA,1,NA,1,NA,1,1,NA,NA,1,1,NA,NA,1,NA,1,1,NA,1,NA,NA,1,NA,1,NA,1,1,NA,1,NA
2023-03-21T23:29:26Z,149,I agree,2C0Vd3h2F04NITXGodKzU4Ht,2.958,2.958,3.017,1,Very inaccurate,NA,NA,NA,NA,NA,NA,NA,NA,NA,NA,2.489,2.489,2.544,1,Moderately accurate,2.286,2.286,2.345,1,Very inaccurate,NA,NA,NA,NA,NA,NA,NA,NA,NA,NA,2.389,2.389,2.446,1,Slightly accurate,1.764,1.764,1.821,1,Very accurate,NA,NA,NA,NA,NA,NA,NA,NA,NA,NA,5.476,5.476,5.534,1,Slightly accurate,NA,NA,NA,NA,NA,5.691,5.691,5.748,1,Very accurate,NA,NA,NA,NA,NA,4.091,4.091,4.148,1,Very accurate,NA,NA,NA,NA,NA,1.164,1.164,1.22,1,Very accurate,NA,NA,NA,NA,NA,6.142,6.142,6.198,1,Slightly accurate,NA,NA,NA,NA,NA,2.749,2.749,2.8,1,Moderately inaccurate,NA,NA,NA,NA,NA,2.127,2.127,2.184,1,Moderately accurate,NA,NA,NA,NA,NA,0.982,0.982,1.039,1,Very accurate,1.414,1.414,1.472,1,Slightly accurate,NA,NA,NA,NA,NA,1.055,1.055,1.113,1,Very accurate,NA,NA,NA,NA,NA,0.839,0.839,0.897,1,Very accurate,NA,NA,NA,NA,NA,2.763,2.763,2.817,1,Slightly accurate,NA,NA,NA,NA,NA,NA,NA,NA,NA,NA,1.469,1.469,1.523,1,Slightly inaccurate,3.833,3.833,3.891,1,Moderately accurate,NA,NA,NA,NA,NA,NA,NA,NA,NA,NA,0.951,0.951,1.007,1,Very accurate,1.27,1.27,1.325,1,Very accurate,NA,NA,NA,NA,NA,NA,NA,NA,NA,NA,1.81,1.81,1.865,1,Slightly inaccurate,NA,NA,NA,NA,NA,1.129,1.129,1.187,1,Very accurate,2.219,2.219,2.277,1,Very inaccurate,NA,NA,NA,NA,NA,NA,NA,NA,NA,NA,1.994,1.994,2.046,1,Slightly accurate,1.228,1.228,1.279,1,Very inaccurate,NA,NA,NA,NA,NA,2.656,2.656,2.714,1,Slightly inaccurate,NA,NA,NA,NA,NA,1.459,1.459,1.517,1,Very accurate,NA,NA,NA,NA,NA,NA,NA,NA,NA,NA,1.574,1.574,1.631,1,Moderately inaccurate,3.193,3.193,3.254,1,Moderately accurate,NA,NA,NA,NA,NA,NA,NA,NA,NA,NA,1.252,1.252,1.311,1,Moderately inaccurate,3.564,3.564,3.62,1,Slightly accurate,NA,NA,NA,NA,NA,1.773,1.773,1.819,1,Moderately inaccurate,NA,NA,NA,NA,NA,NA,NA,NA,NA,NA,0.95,0.95,1.008,1,Very accurate,NA,NA,NA,NA,NA,1.215,1.215,1.272,1,Slightly accurate,1.368,1.368,1.425,1,Slightly inaccurate,NA,NA,NA,NA,NA,1.408,1.408,1.464,1,Very inaccurate,NA,NA,NA,NA,NA,1.126,1.126,1.183,1,Very accurate,NA,NA,NA,NA,NA,NA,NA,NA,NA,NA,1.674,1.674,1.731,1,Very inaccurate,NA,NA,NA,NA,NA,0.982,0.982,1.038,1,Very inaccurate,"Castle, water, village,",1,NA,NA,1,1,NA,NA,1,1,NA,NA,1,NA,1,NA,1,NA,1,NA,1,NA,1,NA,1,NA,1,1,NA,1,NA,1,NA,1,NA,NA,1,1,NA,NA,1,1,NA,NA,1,NA,1,1,NA,NA,1,1,NA,1,NA,1,NA,NA,1,1,NA,NA,1,1,NA,1,NA,NA,1,NA,1,1,NA,1,NA,1,NA,NA,1,NA,1
2023-03-22T00:15:01Z,153,I agree,G6G0S5voXUdM8kmCiYMNJsSF,3.621,3.621,3.687,1,Very accurate,NA,NA,NA,NA,NA,NA,NA,NA,NA,NA,1.585,1.585,1.643,1,Very accurate,3.165,3.165,3.225,1,Slightly accurate,NA,NA,NA,NA,NA,NA,NA,NA,NA,NA,1.489,1.489,1.545,1,Slightly accurate,3.247,3.247,3.303,1,Slightly inaccurate,NA,NA,NA,NA,NA,NA,NA,NA,NA,NA,1.155,1.155,1.22,1,Moderately accurate,1.257,2.255,2.322,2,Moderately accurate,NA,NA,NA,NA,NA,1.356,1.356,1.411,1,Moderately accurate,NA,NA,NA,NA,NA,NA,NA,NA,NA,NA,2.196,2.196,2.26,1,Very accurate,NA,NA,NA,NA,NA,1.509,1.509,1.567,1,Slightly accurate,5.688,5.688,5.742,1,Moderately accurate,NA,NA,NA,NA,NA,1.197,1.197,1.253,1,Very accurate,NA,NA,NA,NA,NA,NA,NA,NA,NA,NA,1.503,1.503,1.562,1,Moderately accurate,NA,NA,NA,NA,NA,1.412,1.412,1.468,1,Moderately accurate,NA,NA,NA,NA,NA,1.263,1.263,1.328,1,Very accurate,2.319,2.319,2.381,1,Very accurate,NA,NA,NA,NA,NA,1.612,1.612,1.676,1,Very accurate,NA,NA,NA,NA,NA,1.188,1.188,1.253,1,Very accurate,NA,NA,NA,NA,NA,NA,NA,NA,NA,NA,1.669,1.669,1.719,1,Very accurate,1.805,1.805,1.858,1,Moderately accurate,NA,NA,NA,NA,NA,1.348,1.348,1.409,1,Slightly accurate,NA,NA,NA,NA,NA,1.212,1.212,1.265,1,Moderately accurate,NA,NA,NA,NA,NA,NA,NA,NA,NA,NA,1.386,1.386,1.442,1,Very accurate,NA,NA,NA,NA,NA,2.037,2.037,2.091,1,Very inaccurate,NA,NA,NA,NA,NA,5.623,5.623,5.679,1,Slightly inaccurate,NA,NA,NA,NA,NA,1.632,1.632,1.684,1,Slightly accurate,1.169,1.169,1.222,1,Moderately accurate,NA,NA,NA,NA,NA,NA,NA,NA,NA,NA,2.548,2.548,2.612,1,Slightly accurate,2.226,2.226,2.281,1,Moderately inaccurate,NA,NA,NA,NA,NA,1.699,1.699,1.756,1,Slightly accurate,NA,NA,NA,NA,NA,NA,NA,NA,NA,NA,2.462,2.462,2.514,1,Moderately inaccurate,10.329,10.329,10.384,1,Moderately accurate,NA,NA,NA,NA,NA,2.58,2.58,2.639,1,Slightly inaccurate,NA,NA,NA,NA,NA,NA,NA,NA,NA,NA,1.486,1.486,1.56,1,Moderately accurate,NA,NA,NA,NA,NA,1.723,1.723,1.789,1,Very inaccurate,NA,NA,NA,NA,NA,1.694,1.694,1.746,1,Slightly accurate,NA,NA,NA,NA,NA,1.379,1.379,1.439,1,Very inaccurate,1.766,1.766,1.822,1,Very accurate,NA,NA,NA,NA,NA,2.116,2.116,2.17,1,Slightly accurate,NA,NA,NA,NA,NA,1.474,1.474,1.523,1,Very inaccurate,NA,NA,NA,NA,NA,"Water, temple, doctor, fire",1,NA,NA,1,1,NA,NA,1,1,NA,NA,1,1,NA,1,NA,NA,1,NA,1,1,NA,1,NA,NA,1,NA,1,NA,1,1,NA,1,NA,1,NA,NA,1,1,NA,1,NA,1,NA,NA,1,NA,1,NA,1,NA,1,1,NA,NA,1,1,NA,1,NA,NA,1,1,NA,1,NA,NA,1,NA,1,NA,1,NA,1,1,NA,1,NA,1,NA
2023-03-22T05:03:29Z,125,I agree,UybbHoMmbgBEKUxBpNNi1jc2,NA,NA,NA,NA,NA,3.199,3.199,3.258,1,Slightly inaccurate,1.378,1.378,1.438,1,Moderately accurate,NA,NA,NA,NA,NA,NA,NA,NA,NA,NA,1.729,1.729,1.786,1,Slightly inaccurate,1.16,1.16,1.216,1,Slightly accurate,NA,NA,NA,NA,NA,NA,NA,NA,NA,NA,1.396,1.396,1.45,1,Slightly accurate,1.187,1.187,1.246,1,Slightly accurate,NA,NA,NA,NA,NA,NA,NA,NA,NA,NA,1.011,1.011,1.063,1,Moderately accurate,NA,NA,NA,NA,NA,0.986,0.986,1.046,1,Slightly accurate,1.922,1.922,1.98,1,Slightly accurate,NA,NA,NA,NA,NA,1.315,1.315,1.374,1,Slightly accurate,NA,NA,NA,NA,NA,NA,NA,NA,NA,NA,1.823,1.823,1.878,1,Slightly accurate,NA,NA,NA,NA,NA,0.977,0.977,1.033,1,Moderately accurate,1.188,1.188,1.242,1,Moderately accurate,NA,NA,NA,NA,NA,1.145,1.145,1.201,1,Slightly inaccurate,NA,NA,NA,NA,NA,1.087,1.087,1.14,1,Moderately accurate,NA,NA,NA,NA,NA,NA,NA,NA,NA,NA,1.091,1.091,1.148,1,Slightly inaccurate,NA,NA,NA,NA,NA,1.779,1.779,1.835,1,Moderately accurate,NA,NA,NA,NA,NA,1.132,1.132,1.189,1,Moderately accurate,1.865,1.865,1.917,1,Slightly accurate,NA,NA,NA,NA,NA,NA,NA,NA,NA,NA,1.299,1.299,1.358,1,Slightly accurate,NA,NA,NA,NA,NA,1.168,1.168,1.224,1,Moderately accurate,NA,NA,NA,NA,NA,0.956,0.956,1.013,1,Slightly accurate,1.19,1.19,1.248,1,Moderately accurate,NA,NA,NA,NA,NA,1.139,1.139,1.196,1,Slightly inaccurate,NA,NA,NA,NA,NA,1.411,1.411,1.467,1,Slightly accurate,NA,NA,NA,NA,NA,1.057,1.057,1.115,1,Moderately accurate,NA,NA,NA,NA,NA,NA,NA,NA,NA,NA,0.971,0.971,1.029,1,Moderately accurate,0.878,0.878,0.937,1,Moderately accurate,NA,NA,NA,NA,NA,NA,NA,NA,NA,NA,1.179,1.179,1.234,1,Slightly inaccurate,NA,NA,NA,NA,NA,0.811,0.811,0.865,1,Moderately accurate,1.201,1.201,1.264,1,Slightly accurate,NA,NA,NA,NA,NA,NA,NA,NA,NA,NA,0.869,0.869,0.925,1,Moderately accurate,NA,NA,NA,NA,NA,0.817,0.817,0.875,1,Moderately accurate,0.661,0.661,0.717,1,Moderately accurate,NA,NA,NA,NA,NA,1.185,1.185,1.243,1,Slightly inaccurate,NA,NA,NA,NA,NA,0.931,0.931,0.985,1,Moderately accurate,NA,NA,NA,NA,NA,1.145,1.145,1.204,1,Moderately accurate,NA,NA,NA,NA,NA,NA,NA,NA,NA,NA,0.755,0.755,0.814,1,Moderately accurate,NA,NA,NA,NA,NA,1.182,1.182,1.239,1,Slightly inaccurate,NA,NA,NA,NA,NA,1.332,1.332,1.393,1,Slightly inaccurate,N/A,NA,1,1,NA,NA,1,1,NA,NA,1,1,NA,NA,1,NA,1,1,NA,1,NA,NA,1,NA,1,1,NA,1,NA,1,NA,NA,1,NA,1,NA,1,1,NA,NA,1,NA,1,NA,1,1,NA,1,NA,1,NA,1,NA,NA,1,1,NA,NA,1,NA,1,1,NA,NA,1,NA,1,1,NA,1,NA,1,NA,1,NA,NA,1,NA,1,NA,1
2023-03-22T06:15:03Z,151,I agree,XdWts0FJGEsYncQmxUdd0B63,NA,NA,NA,NA,NA,5.03,5.03,5.036,1,Moderately accurate,NA,NA,NA,NA,NA,1.2,1.2,1.104,1,Moderately accurate,2.082,2.082,2.09,1,Moderately inaccurate,NA,NA,NA,NA,NA,NA,NA,NA,NA,NA,1.828,1.828,1.837,1,Slightly accurate,1.03,1.03,1.037,1,Very accurate,NA,NA,NA,NA,NA,0.917,0.917,0.925,1,Very accurate,NA,NA,NA,NA,NA,1.122,1.122,1.129,1,Moderately accurate,NA,NA,NA,NA,NA,NA,NA,NA,NA,NA,1.706,1.706,1.713,1,Slightly accurate,1.604,1.604,1.612,1,Moderately accurate,NA,NA,NA,NA,NA,1.631,1.631,1.64,1,Moderately accurate,NA,NA,NA,NA,NA,NA,NA,NA,NA,NA,1.736,1.736,1.743,1,Moderately inaccurate,0.892,0.892,0.899,1,Moderately accurate,NA,NA,NA,NA,NA,NA,NA,NA,NA,NA,2.05,2.05,2.058,1,Very accurate,NA,NA,NA,NA,NA,1.399,1.399,1.301,1,Slightly inaccurate,2.276,2.715,2.722,2,Moderately accurate,NA,NA,NA,NA,NA,0.88,0.88,0.889,1,Moderately accurate,NA,NA,NA,NA,NA,1.035,1.035,1.044,1,Moderately accurate,NA,NA,NA,NA,NA,1.177,1.177,1.187,1,Very accurate,NA,NA,NA,NA,NA,1.877,3.584,3.591,3,Slightly accurate,NA,NA,NA,NA,NA,NA,NA,NA,NA,NA,1.449,1.449,1.456,1,Slightly accurate,NA,NA,NA,NA,NA,1.498,1.498,1.402,1,Very accurate,0.894,0.894,0.901,1,Very accurate,NA,NA,NA,NA,NA,NA,NA,NA,NA,NA,0.852,0.852,0.86,1,Very accurate,NA,NA,NA,NA,NA,1.95,1.95,1.956,1,Slightly inaccurate,NA,NA,NA,NA,NA,1.628,1.628,1.634,1,Very inaccurate,NA,NA,NA,NA,NA,1.27,1.27,1.279,1,Slightly accurate,NA,NA,NA,NA,NA,1.671,1.671,1.677,1,Very accurate,NA,NA,NA,NA,NA,2.571,2.571,2.58,1,Moderately accurate,NA,NA,NA,NA,NA,2.107,2.107,2.115,1,Slightly accurate,NA,NA,NA,NA,NA,1.198,1.198,1.101,1,Very accurate,0.933,0.933,0.939,1,Very accurate,NA,NA,NA,NA,NA,NA,NA,NA,NA,NA,1.041,1.041,1.05,1,Very accurate,NA,NA,NA,NA,NA,1.72,1.72,1.728,1,Moderately inaccurate,1.552,1.552,1.566,1,Slightly accurate,NA,NA,NA,NA,NA,1.403,1.403,1.41,1,Very inaccurate,NA,NA,NA,NA,NA,NA,NA,NA,NA,NA,1.227,1.227,1.236,1,Slightly accurate,3.195,3.195,3.204,1,Slightly accurate,NA,NA,NA,NA,NA,NA,NA,NA,NA,NA,1.231,1.231,1.237,1,Moderately accurate,NA,NA,NA,NA,NA,1.575,1.575,1.582,1,Very inaccurate,2.247,6.239,6.248,9,Moderately inaccurate,NA,NA,NA,NA,NA,"hotel, crown, tree, king",NA,1,NA,1,1,NA,NA,1,1,NA,1,NA,1,NA,NA,1,1,NA,1,NA,NA,1,1,NA,NA,1,NA,1,1,NA,1,NA,1,NA,1,NA,1,NA,NA,1,NA,1,1,NA,NA,1,NA,1,NA,1,NA,1,NA,1,NA,1,NA,1,NA,1,1,NA,NA,1,NA,1,1,NA,1,NA,NA,1,1,NA,NA,1,NA,1,1,NA
2023-03-22T15:24:11Z,308,I agree,bgydW8pUbBJtZpwP3W7AtfsS,5.898,5.898,5.8,1,Slightly accurate,NA,NA,NA,NA,NA,3.715,3.715,3.725,1,Moderately accurate,NA,NA,NA,NA,NA,NA,NA,NA,NA,NA,1.473,1.473,1.482,1,Moderately inaccurate,2.206,2.206,2.319,1,Slightly accurate,NA,NA,NA,NA,NA,NA,NA,NA,NA,NA,1.755,1.755,1.762,1,Moderately accurate,NA,NA,NA,NA,NA,2.634,2.634,2.64,1,Very accurate,NA,NA,NA,NA,NA,1.654,1.654,1.664,1,Slightly inaccurate,3.142,3.142,3.15,1,Slightly accurate,NA,NA,NA,NA,NA,NA,NA,NA,NA,NA,96.567,96.567,96.577,1,Moderately accurate,NA,NA,NA,NA,NA,2.363,2.363,2.372,1,Moderately inaccurate,2.645,2.645,2.654,1,Moderately inaccurate,NA,NA,NA,NA,NA,NA,NA,NA,NA,NA,1.037,1.037,1.041,1,Moderately accurate,1.279,1.279,1.288,1,Moderately accurate,NA,NA,NA,NA,NA,2.088,2.088,2.094,1,Moderately inaccurate,NA,NA,NA,NA,NA,NA,NA,NA,NA,NA,1.073,1.073,1.077,1,Moderately accurate,NA,NA,NA,NA,NA,1.63,1.63,1.639,1,Moderately inaccurate,NA,NA,NA,NA,NA,54.134,54.134,54.139,1,Slightly inaccurate,NA,NA,NA,NA,NA,2.083,2.083,2.087,1,Moderately accurate,NA,NA,NA,NA,NA,1.335,1.335,1.34,1,Moderately accurate,1.12,1.12,1.128,1,Very accurate,NA,NA,NA,NA,NA,2.221,2.221,2.23,1,Moderately accurate,NA,NA,NA,NA,NA,NA,NA,NA,NA,NA,0.893,0.893,0.898,1,Moderately accurate,1.458,1.458,1.466,1,Moderately accurate,NA,NA,NA,NA,NA,NA,NA,NA,NA,NA,1.338,1.338,1.343,1,Very inaccurate,1.582,1.582,1.586,1,Moderately accurate,NA,NA,NA,NA,NA,1.556,1.556,1.564,1,Moderately inaccurate,NA,NA,NA,NA,NA,1.215,1.215,1.219,1,Slightly accurate,NA,NA,NA,NA,NA,1.406,1.406,1.414,1,Slightly accurate,NA,NA,NA,NA,NA,1.606,1.606,1.611,1,Moderately inaccurate,NA,NA,NA,NA,NA,34.359,34.359,34.367,1,Slightly accurate,NA,NA,NA,NA,NA,NA,NA,NA,NA,NA,1.377,1.377,1.381,1,Slightly inaccurate,1.188,1.188,1.194,1,Slightly accurate,NA,NA,NA,NA,NA,1.202,1.202,1.205,1,Moderately accurate,NA,NA,NA,NA,NA,NA,NA,NA,NA,NA,1.191,1.191,1.196,1,Moderately accurate,NA,NA,NA,NA,NA,2.072,2.072,2.08,1,Moderately inaccurate,1.693,1.693,1.702,1,Slightly inaccurate,NA,NA,NA,NA,NA,NA,NA,NA,NA,NA,1.641,1.641,1.646,1,Moderately accurate,2.297,2.297,2.201,1,Slightly inaccurate,NA,NA,NA,NA,NA,1.085,1.085,1.092,1,Slightly inaccurate,NA,NA,NA,NA,NA,NA,NA,NA,NA,NA,2.407,2.407,2.415,1,Moderately inaccurate,"Church, Fish, Baby, Fire",1,NA,1,NA,NA,1,1,NA,NA,1,NA,1,NA,1,1,NA,NA,1,NA,1,1,NA,NA,1,1,NA,1,NA,NA,1,NA,1,NA,1,NA,1,NA,1,1,NA,1,NA,NA,1,1,NA,NA,1,1,NA,1,NA,1,NA,1,NA,1,NA,1,NA,NA,1,1,NA,1,NA,NA,1,NA,1,1,NA,NA,1,1,NA,1,NA,NA,1
2023-03-22T22:04:38Z,234,I agree,GVZnmg3Qsda48IQcT1uG9ms6,3.392,12.899,12.959,4,Moderately accurate,NA,NA,NA,NA,NA,NA,NA,NA,NA,NA,2.501,5.319,5.363,2,Moderately accurate,3.502,3.502,3.554,1,Slightly inaccurate,NA,NA,NA,NA,NA,5.395,5.395,5.445,1,Slightly inaccurate,NA,NA,NA,NA,NA,NA,NA,NA,NA,NA,2.076,2.076,2.125,1,Slightly inaccurate,NA,NA,NA,NA,NA,3.086,3.086,3.142,1,Slightly accurate,3.725,3.725,3.781,1,Slightly accurate,NA,NA,NA,NA,NA,NA,NA,NA,NA,NA,4.151,4.151,4.196,1,Slightly accurate,NA,NA,NA,NA,NA,1.884,1.884,1.932,1,Slightly inaccurate,2.17,2.17,2.212,1,Slightly accurate,NA,NA,NA,NA,NA,1.893,1.893,1.947,1,Slightly accurate,NA,NA,NA,NA,NA,1.624,1.624,1.667,1,Slightly accurate,NA,NA,NA,NA,NA,NA,NA,NA,NA,NA,1.933,1.933,1.989,1,Slightly accurate,1.531,1.531,1.582,1,Slightly accurate,NA,NA,NA,NA,NA,1.508,1.508,1.56,1,Slightly inaccurate,NA,NA,NA,NA,NA,NA,NA,NA,NA,NA,1.163,1.163,1.215,1,Slightly accurate,1.335,1.335,1.389,1,Slightly accurate,NA,NA,NA,NA,NA,1.444,1.444,1.497,1,Slightly accurate,NA,NA,NA,NA,NA,1.52,1.52,1.563,1,Slightly inaccurate,NA,NA,NA,NA,NA,NA,NA,NA,NA,NA,1.287,1.287,1.339,1,Slightly accurate,NA,NA,NA,NA,NA,0.991,0.991,1.047,1,Slightly accurate,NA,NA,NA,NA,NA,1.764,1.764,1.813,1,Slightly accurate,NA,NA,NA,NA,NA,4.688,4.688,4.746,1,Very accurate,5.522,5.522,5.564,1,Slightly accurate,NA,NA,NA,NA,NA,1.42,1.42,1.473,1,Slightly accurate,NA,NA,NA,NA,NA,2.385,2.385,2.429,1,Slightly inaccurate,NA,NA,NA,NA,NA,NA,NA,NA,NA,NA,1.141,1.141,1.198,1,Slightly accurate,NA,NA,NA,NA,NA,1.437,1.437,1.483,1,Slightly accurate,NA,NA,NA,NA,NA,1.606,1.606,1.656,1,Slightly accurate,2.15,2.15,2.208,1,Slightly accurate,NA,NA,NA,NA,NA,NA,NA,NA,NA,NA,2.284,2.284,2.336,1,Slightly accurate,NA,NA,NA,NA,NA,1.8,1.8,1.851,1,Slightly accurate,NA,NA,NA,NA,NA,1.683,1.683,1.735,1,Slightly accurate,1.991,1.991,2.041,1,Moderately accurate,NA,NA,NA,NA,NA,NA,NA,NA,NA,NA,1.572,1.572,1.622,1,Slightly inaccurate,1.427,1.427,1.477,1,Slightly accurate,NA,NA,NA,NA,NA,NA,NA,NA,NA,NA,4.069,4.069,4.114,1,Moderately inaccurate,NA,NA,NA,NA,NA,1.798,1.798,1.851,1,Very accurate,1.641,1.641,1.684,1,Slightly accurate,NA,NA,NA,NA,NA,NA,NA,NA,NA,NA,2.715,2.715,2.758,1,Slightly inaccurate,"Shoes,women,valley,chair,rock,letter,house",1,NA,NA,1,1,NA,1,NA,NA,1,NA,1,1,NA,NA,1,NA,1,1,NA,1,NA,1,NA,NA,1,1,NA,1,NA,NA,1,1,NA,1,NA,1,NA,NA,1,NA,1,NA,1,NA,1,1,NA,1,NA,1,NA,NA,1,NA,1,NA,1,1,NA,NA,1,NA,1,NA,1,1,NA,NA,1,1,NA,NA,1,NA,1,1,NA,NA,1
2023-03-22T23:33:06Z,151,I agree,0ZXGjD19rQMtw9nBcM6PZuR9,NA,NA,NA,NA,NA,1.974,1.974,2.034,1,Slightly accurate,0.856,0.856,0.916,1,Slightly inaccurate,NA,NA,NA,NA,NA,NA,NA,NA,NA,NA,1.591,1.591,1.652,1,Moderately inaccurate,NA,NA,NA,NA,NA,1.3,1.3,1.358,1,Slightly accurate,2.208,2.208,2.269,1,Slightly inaccurate,NA,NA,NA,NA,NA,1.096,1.096,1.142,1,Slightly accurate,NA,NA,NA,NA,NA,NA,NA,NA,NA,NA,1.075,1.075,1.134,1,Slightly inaccurate,1.399,1.399,1.458,1,Slightly accurate,NA,NA,NA,NA,NA,1.087,1.087,1.148,1,Slightly accurate,NA,NA,NA,NA,NA,NA,NA,NA,NA,NA,1.378,1.378,1.435,1,Slightly accurate,NA,NA,NA,NA,NA,3.725,3.725,3.786,1,Slightly accurate,NA,NA,NA,NA,NA,2.24,2.24,2.299,1,Slightly accurate,1.725,1.725,1.774,1,Slightly accurate,NA,NA,NA,NA,NA,NA,NA,NA,NA,NA,1.229,1.229,1.288,1,Slightly accurate,NA,NA,NA,NA,NA,1.926,1.926,1.986,1,Slightly inaccurate,1.391,1.391,1.449,1,Moderately accurate,NA,NA,NA,NA,NA,NA,NA,NA,NA,NA,1.393,1.393,1.449,1,Slightly accurate,NA,NA,NA,NA,NA,1.761,1.761,1.82,1,Slightly accurate,NA,NA,NA,NA,NA,1.3,1.3,1.358,1,Slightly inaccurate,2.401,2.401,2.442,1,Slightly accurate,NA,NA,NA,NA,NA,5.671,5.671,5.732,1,Slightly accurate,NA,NA,NA,NA,NA,1.339,1.339,1.386,1,Slightly accurate,NA,NA,NA,NA,NA,11.091,11.091,11.148,1,Very accurate,NA,NA,NA,NA,NA,NA,NA,NA,NA,NA,1.956,1.956,2.014,1,Slightly inaccurate,NA,NA,NA,NA,NA,1.768,1.768,1.825,1,Slightly accurate,NA,NA,NA,NA,NA,4.173,4.173,4.223,1,Slightly accurate,2.606,2.606,2.666,1,Slightly inaccurate,NA,NA,NA,NA,NA,1.592,1.592,1.653,1,Moderately accurate,NA,NA,NA,NA,NA,3.044,3.044,3.103,1,Slightly inaccurate,NA,NA,NA,NA,NA,NA,NA,NA,NA,NA,2.423,2.423,2.479,1,Slightly accurate,1.538,1.538,1.598,1,Slightly accurate,NA,NA,NA,NA,NA,1.337,1.337,1.399,1,Slightly accurate,NA,NA,NA,NA,NA,2.189,2.189,2.251,1,Slightly accurate,NA,NA,NA,NA,NA,NA,NA,NA,NA,NA,1.232,1.232,1.283,1,Moderately accurate,2.151,2.151,2.211,1,Slightly accurate,NA,NA,NA,NA,NA,NA,NA,NA,NA,NA,1.298,1.298,1.356,1,Slightly accurate,1.938,1.938,2.001,1,Moderately inaccurate,NA,NA,NA,NA,NA,2.792,2.792,2.853,1,Slightly accurate,NA,NA,NA,NA,NA,NA,NA,NA,NA,NA,1.104,1.104,1.161,1,Slightly accurate,2.078,2.078,2.135,1,Moderately inaccurate,NA,NA,NA,NA,NA,"Horse, blood, woman",NA,1,1,NA,NA,1,NA,1,1,NA,1,NA,NA,1,1,NA,1,NA,NA,1,NA,1,NA,1,1,NA,NA,1,NA,1,1,NA,NA,1,NA,1,NA,1,1,NA,1,NA,1,NA,1,NA,NA,1,NA,1,NA,1,1,NA,1,NA,1,NA,NA,1,1,NA,1,NA,1,NA,NA,1,1,NA,NA,1,1,NA,1,NA,NA,1,1,NA
2023-03-23T02:51:04Z,448,I agree,WcW8tCL3owwm3b54AYWXqO0H,2.128,5.028,5.09,2,Slightly inaccurate,NA,NA,NA,NA,NA,1.464,1.832,1.892,2,Very accurate,NA,NA,NA,NA,NA,2.24,2.24,2.299,1,Very inaccurate,NA,NA,NA,NA,NA,2.228,2.228,2.287,1,Moderately inaccurate,NA,NA,NA,NA,NA,NA,NA,NA,NA,NA,1.329,1.697,1.754,2,Very accurate,NA,NA,NA,NA,NA,2.003,2.837,2.891,2,Very accurate,1.794,2.181,2.239,2,Very accurate,NA,NA,NA,NA,NA,1.194,2.327,2.38,2,Moderately accurate,NA,NA,NA,NA,NA,1.835,2.186,2.25,2,Very accurate,NA,NA,NA,NA,NA,13.276,13.626,13.689,2,Moderately accurate,NA,NA,NA,NA,NA,NA,NA,NA,NA,NA,2.769,3.504,3.574,2,Moderately inaccurate,NA,NA,NA,NA,NA,27.891,28.442,28.504,2,Very accurate,2.484,2.821,2.881,2,Moderately accurate,NA,NA,NA,NA,NA,NA,NA,NA,NA,NA,7.978,8.378,8.432,2,Very accurate,2.909,3.544,3.608,2,Moderately accurate,NA,NA,NA,NA,NA,2.174,2.558,2.613,2,Very accurate,NA,NA,NA,NA,NA,3.269,3.773,3.831,2,Very accurate,NA,NA,NA,NA,NA,4.49,6.758,6.818,4,Moderately accurate,NA,NA,NA,NA,NA,NA,NA,NA,NA,NA,2.338,2.723,2.783,2,Very accurate,2.388,2.824,2.885,2,Moderately accurate,NA,NA,NA,NA,NA,NA,NA,NA,NA,NA,1.442,1.777,1.838,2,Moderately accurate,NA,NA,NA,NA,NA,1.125,1.778,1.836,2,Slightly accurate,1.197,1.565,1.617,2,Very accurate,NA,NA,NA,NA,NA,1.282,1.998,2.058,2,Very inaccurate,NA,NA,NA,NA,NA,1.457,2.775,2.834,2,Very accurate,NA,NA,NA,NA,NA,1.682,2.053,2.115,2,Very inaccurate,NA,NA,NA,NA,NA,NA,NA,NA,NA,NA,1.892,2.777,2.842,2,Very accurate,2.514,3.581,3.643,3,Very accurate,NA,NA,NA,NA,NA,NA,NA,NA,NA,NA,1.149,2.567,2.627,2,Slightly inaccurate,NA,NA,NA,NA,NA,2.008,3.343,3.408,2,Slightly inaccurate,NA,NA,NA,NA,NA,1.594,2.862,2.924,2,Slightly inaccurate,1.537,1.84,1.896,2,Moderately accurate,NA,NA,NA,NA,NA,1.727,2.177,2.239,2,Moderately accurate,NA,NA,NA,NA,NA,NA,NA,NA,NA,NA,1.008,1.458,1.517,2,Moderately accurate,1.011,1.313,1.37,2,Very inaccurate,NA,NA,NA,NA,NA,7.913,9.075,9.157,2,Slightly accurate,NA,NA,NA,NA,NA,NA,NA,NA,NA,NA,88.565,90.034,90.132,2,Very inaccurate,1.027,1.712,1.778,2,Moderately accurate,NA,NA,NA,NA,NA,1.33,1.663,1.722,2,Very inaccurate,NA,NA,NA,NA,NA,1.868,35.279,35.398,2,Moderately accurate,NA,NA,NA,NA,NA,"college, butter, ocean, home",1,NA,1,NA,1,NA,1,NA,NA,1,NA,1,1,NA,1,NA,1,NA,1,NA,NA,1,NA,1,1,NA,NA,1,1,NA,1,NA,1,NA,1,NA,NA,1,1,NA,NA,1,NA,1,1,NA,1,NA,1,NA,1,NA,NA,1,1,NA,NA,1,NA,1,NA,1,1,NA,1,NA,NA,1,1,NA,1,NA,NA,1,1,NA,1,NA,1,NA
2023-03-23T20:51:37Z,421,I agree,4SAY7Cdh0OwQvcw6R9PJFRut,NA,NA,NA,NA,NA,3.115,3.115,3.18,1,Slightly inaccurate,NA,NA,NA,NA,NA,1.944,1.944,1.997,1,Moderately accurate,NA,NA,NA,NA,NA,4.897,4.897,4.963,1,Moderately inaccurate,NA,NA,NA,NA,NA,2.523,2.523,2.58,1,Moderately accurate,2.924,2.924,2.979,1,Slightly accurate,NA,NA,NA,NA,NA,2.549,2.549,2.501,1,Moderately accurate,NA,NA,NA,NA,NA,NA,NA,NA,NA,NA,6.74,6.74,6.799,1,Moderately accurate,NA,NA,NA,NA,NA,1.436,1.436,1.488,1,Very accurate,NA,NA,NA,NA,NA,21.199,21.199,21.255,1,Slightly accurate,NA,NA,NA,NA,NA,26.062,26.062,26.124,1,Slightly accurate,3.664,3.664,3.601,1,Slightly accurate,NA,NA,NA,NA,NA,2.379,2.379,2.43,1,Very accurate,NA,NA,NA,NA,NA,NA,NA,NA,NA,NA,22.921,22.921,22.975,1,Moderately accurate,3.699,3.699,3.753,1,Very accurate,NA,NA,NA,NA,NA,NA,NA,NA,NA,NA,3.532,3.532,3.591,1,Moderately accurate,NA,NA,NA,NA,NA,25.999,25.999,26.055,1,Very accurate,NA,NA,NA,NA,NA,1.961,1.961,1.901,1,Moderately accurate,NA,NA,NA,NA,NA,2.568,2.568,2.626,1,Slightly accurate,1.967,1.967,2.022,1,Slightly accurate,NA,NA,NA,NA,NA,NA,NA,NA,NA,NA,1.977,1.977,2.038,1,Moderately accurate,4.295,4.295,4.35,1,Moderately accurate,NA,NA,NA,NA,NA,3.961,3.961,3.901,1,Moderately accurate,NA,NA,NA,NA,NA,NA,NA,NA,NA,NA,1.412,1.412,1.469,1,Very accurate,NA,NA,NA,NA,NA,2.1,2.1,2.155,1,Slightly accurate,NA,NA,NA,NA,NA,3.2,3.2,3.36,1,Moderately accurate,NA,NA,NA,NA,NA,1.541,1.541,1.594,1,Slightly accurate,4.139,4.139,4.198,1,Moderately accurate,NA,NA,NA,NA,NA,NA,NA,NA,NA,NA,19.599,19.599,19.653,1,Moderately accurate,1.779,1.779,1.84,1,Slightly accurate,NA,NA,NA,NA,NA,3.274,3.274,3.326,1,Slightly inaccurate,NA,NA,NA,NA,NA,1.253,1.253,1.201,1,Moderately accurate,NA,NA,NA,NA,NA,NA,NA,NA,NA,NA,36.399,36.399,36.456,1,Moderately accurate,NA,NA,NA,NA,NA,1.777,1.777,1.84,1,Very accurate,2.127,2.127,2.184,1,Moderately accurate,NA,NA,NA,NA,NA,NA,NA,NA,NA,NA,1.954,1.954,1.901,1,Moderately inaccurate,NA,NA,NA,NA,NA,1.685,1.685,1.751,1,Slightly accurate,2.908,2.908,2.956,1,Very inaccurate,NA,NA,NA,NA,NA,NA,NA,NA,NA,NA,4.06,4.06,4.001,1,Slightly inaccurate,NA,NA,NA,NA,NA,30.877,30.877,30.931,1,Moderately inaccurate,NA,NA,NA,NA,NA,2.957,2.957,2.901,1,Very inaccurate,"rock, valley, shoes, girl, engine, corner, blood",NA,1,NA,1,NA,1,NA,1,1,NA,1,NA,NA,1,NA,1,NA,1,NA,1,1,NA,1,NA,NA,1,1,NA,NA,1,NA,1,NA,1,NA,1,1,NA,NA,1,1,NA,1,NA,NA,1,NA,1,NA,1,NA,1,1,NA,NA,1,1,NA,1,NA,1,NA,NA,1,NA,1,1,NA,NA,1,NA,1,1,NA,NA,1,NA,1,NA,1
2023-03-23T21:35:37Z,239,I agree,hQ9AyH24nFviRtiId7yd19WY,5.08,5.08,5.096,1,Very inaccurate,NA,NA,NA,NA,NA,NA,NA,NA,NA,NA,3.814,3.814,3.83,1,Very accurate,NA,NA,NA,NA,NA,5.284,5.284,5.302,1,Very inaccurate,2.599,2.599,2.609,1,Very accurate,NA,NA,NA,NA,NA,NA,NA,NA,NA,NA,6.576,6.576,6.592,1,Slightly accurate,4.458,4.458,4.475,1,Moderately accurate,NA,NA,NA,NA,NA,NA,NA,NA,NA,NA,3.741,3.741,3.758,1,Moderately accurate,NA,NA,NA,NA,NA,3.079,3.079,3.092,1,Very accurate,NA,NA,NA,NA,NA,2.747,2.747,2.763,1,Slightly accurate,4.703,4.703,4.722,1,Slightly inaccurate,NA,NA,NA,NA,NA,NA,NA,NA,NA,NA,3.591,3.591,3.503,1,Slightly accurate,1.897,1.897,1.8,1,Moderately accurate,NA,NA,NA,NA,NA,NA,NA,NA,NA,NA,2.241,2.241,2.257,1,Very accurate,NA,NA,NA,NA,NA,2.868,2.868,2.884,1,Slightly inaccurate,3.001,3.001,3.122,1,Slightly accurate,NA,NA,NA,NA,NA,2.835,2.835,2.85,1,Slightly inaccurate,NA,NA,NA,NA,NA,NA,NA,NA,NA,NA,5.841,5.841,5.857,1,Slightly accurate,6.425,6.425,6.447,1,Slightly inaccurate,NA,NA,NA,NA,NA,NA,NA,NA,NA,NA,3.067,3.067,3.082,1,Slightly accurate,3.14,3.14,3.155,1,Slightly inaccurate,NA,NA,NA,NA,NA,2.356,2.356,2.371,1,Slightly inaccurate,NA,NA,NA,NA,NA,4.623,4.623,4.637,1,Moderately inaccurate,NA,NA,NA,NA,NA,NA,NA,NA,NA,NA,3.18,3.18,3.194,1,Slightly accurate,2.519,2.519,2.532,1,Slightly accurate,NA,NA,NA,NA,NA,3.073,3.073,3.089,1,Slightly accurate,NA,NA,NA,NA,NA,NA,NA,NA,NA,NA,2.799,2.799,2.709,1,Slightly accurate,2.644,2.644,2.66,1,Slightly accurate,NA,NA,NA,NA,NA,NA,NA,NA,NA,NA,5.431,5.431,5.448,1,Slightly accurate,NA,NA,NA,NA,NA,2.302,2.302,2.315,1,Very inaccurate,3.865,3.865,3.881,1,Slightly inaccurate,NA,NA,NA,NA,NA,7.126,7.126,7.137,1,Moderately inaccurate,NA,NA,NA,NA,NA,NA,NA,NA,NA,NA,5.169,5.169,5.184,1,Slightly inaccurate,NA,NA,NA,NA,NA,3.903,3.903,3.913,1,Slightly inaccurate,2.745,2.745,2.755,1,Very accurate,NA,NA,NA,NA,NA,NA,NA,NA,NA,NA,4.013,4.013,4.131,1,Slightly accurate,3.869,3.869,3.886,1,Slightly inaccurate,NA,NA,NA,NA,NA,2.756,2.756,2.775,1,Slightly accurate,NA,NA,NA,NA,NA,1.489,1.489,1.5,1,Very accurate,NA,NA,NA,NA,NA,2.355,2.355,2.366,1,Slightly accurate,NA,NA,NA,NA,NA,5.725,5.725,5.735,1,Slightly accurate,NA,NA,NA,NA,NA,I don't remember,1,NA,NA,1,NA,1,1,NA,NA,1,1,NA,NA,1,NA,1,NA,1,1,NA,NA,1,1,NA,NA,1,NA,1,1,NA,1,NA,NA,1,1,NA,NA,1,1,NA,1,NA,1,NA,NA,1,1,NA,1,NA,NA,1,1,NA,NA,1,NA,1,1,NA,1,NA,NA,1,NA,1,1,NA,NA,1,1,NA,1,NA,1,NA,1,NA,1,NA
2023-03-24T05:46:52Z,181,I agree,phhopeThn5yhdLUVdbbq9fDi,NA,NA,NA,NA,NA,3.5,3.5,3.515,1,Very inaccurate,3.445,3.445,3.461,1,Moderately inaccurate,NA,NA,NA,NA,NA,5.241,5.241,5.254,1,Moderately accurate,NA,NA,NA,NA,NA,NA,NA,NA,NA,NA,2.826,2.826,2.84,1,Slightly accurate,1.61,1.61,1.627,1,Very inaccurate,NA,NA,NA,NA,NA,NA,NA,NA,NA,NA,3.019,3.019,3.032,1,Moderately inaccurate,2.386,2.386,2.399,1,Slightly inaccurate,NA,NA,NA,NA,NA,3.484,3.484,3.498,1,Moderately accurate,NA,NA,NA,NA,NA,1.568,1.568,1.58,1,Very inaccurate,NA,NA,NA,NA,NA,NA,NA,NA,NA,NA,2.784,2.784,2.795,1,Moderately inaccurate,3.174,3.174,3.188,1,Slightly accurate,NA,NA,NA,NA,NA,NA,NA,NA,NA,NA,1.952,1.952,1.968,1,Slightly inaccurate,1.526,1.526,1.54,1,Very accurate,NA,NA,NA,NA,NA,2.081,2.081,2.097,1,Slightly accurate,NA,NA,NA,NA,NA,NA,NA,NA,NA,NA,2.304,2.304,2.317,1,Slightly inaccurate,NA,NA,NA,NA,NA,3.041,3.041,3.055,1,Moderately accurate,2.148,2.148,2.162,1,Slightly accurate,NA,NA,NA,NA,NA,NA,NA,NA,NA,NA,2.121,2.121,2.135,1,Slightly inaccurate,1.985,1.985,1.999,1,Very inaccurate,NA,NA,NA,NA,NA,NA,NA,NA,NA,NA,1.709,1.709,1.722,1,Very inaccurate,NA,NA,NA,NA,NA,2.096,2.096,2.11,1,Slightly accurate,NA,NA,NA,NA,NA,1.944,1.944,1.958,1,Very inaccurate,1.958,1.958,1.971,1,Very accurate,NA,NA,NA,NA,NA,5.356,5.356,5.37,1,Moderately accurate,NA,NA,NA,NA,NA,NA,NA,NA,NA,NA,2.619,2.619,2.631,1,Moderately accurate,1.528,1.528,1.541,1,Very accurate,NA,NA,NA,NA,NA,NA,NA,NA,NA,NA,1.796,1.796,1.808,1,Slightly accurate,1.802,1.802,1.814,1,Slightly accurate,NA,NA,NA,NA,NA,2.035,2.035,2.049,1,Slightly inaccurate,NA,NA,NA,NA,NA,NA,NA,NA,NA,NA,1.49,1.49,1.504,1,Very inaccurate,NA,NA,NA,NA,NA,5.745,5.745,5.759,1,Slightly inaccurate,2.853,2.853,2.868,1,Slightly inaccurate,NA,NA,NA,NA,NA,1.991,1.991,2.004,1,Slightly accurate,NA,NA,NA,NA,NA,NA,NA,NA,NA,NA,1.54,1.54,1.552,1,Very accurate,5.089,5.089,5.102,1,Slightly accurate,NA,NA,NA,NA,NA,NA,NA,NA,NA,NA,2.176,2.176,2.189,1,Slightly accurate,NA,NA,NA,NA,NA,2.786,2.786,2.799,1,Slightly inaccurate,NA,NA,NA,NA,NA,1.156,1.156,1.167,1,Very accurate,NA,NA,NA,NA,NA,2.184,2.184,2.201,1,Slightly accurate,NA,NA,NA,NA,NA,3.617,3.617,3.63,1,Very accurate,"door, tree, shoe, woman",NA,1,1,NA,1,NA,NA,1,1,NA,NA,1,1,NA,1,NA,1,NA,NA,1,1,NA,NA,1,1,NA,1,NA,NA,1,NA,1,1,NA,NA,1,1,NA,NA,1,NA,1,NA,1,1,NA,1,NA,NA,1,1,NA,NA,1,1,NA,1,NA,NA,1,NA,1,1,NA,1,NA,NA,1,1,NA,NA,1,NA,1,NA,1,NA,1,NA,1
