start_date,duration_in_seconds,consent,proid,t_outgoing_c_3_first_click,t_outgoing_c_3_last_click,t_outgoing_c_3_page_submit,t_outgoing_c_3_click_count,outgoing_c_3,t_outgoing_c_3i_first_click,t_outgoing_c_3i_last_click,t_outgoing_c_3i_page_submit,t_outgoing_c_3i_click_count,outgoing_c_3i,t_helpful_c_3_first_click,t_helpful_c_3_last_click,t_helpful_c_3_page_submit,t_helpful_c_3_click_count,helpful_c_3,t_helpful_c_3i_first_click,t_helpful_c_3i_last_click,t_helpful_c_3i_page_submit,t_helpful_c_3i_click_count,helpful_c_3i,t_reckless_c_3_first_click,t_reckless_c_3_last_click,t_reckless_c_3_page_submit,t_reckless_c_3_click_count,reckless_c_3,t_reckless_c_3i_first_click,t_reckless_c_3i_last_click,t_reckless_c_3i_page_submit,t_reckless_c_3i_click_count,reckless_c_3i,t_moody_c_3_first_click,t_moody_c_3_last_click,t_moody_c_3_page_submit,t_moody_c_3_click_count,moody_c_3,t_moody_c_3i_first_click,t_moody_c_3i_last_click,t_moody_c_3i_page_submit,t_moody_c_3i_click_count,moody_c_3i,t_organized_c_3_first_click,t_organized_c_3_last_click,t_organized_c_3_page_submit,t_organized_c_3_click_count,organized_c_3,t_organized_c_3i_first_click,t_organized_c_3i_last_click,t_organized_c_3i_page_submit,t_organized_c_3i_click_count,organized_c_3i,t_friendly_c_3_first_click,t_friendly_c_3_last_click,t_friendly_c_3_page_submit,t_friendly_c_3_click_count,friendly_c_3,t_friendly_c_3i_first_click,t_friendly_c_3i_last_click,t_friendly_c_3i_page_submit,t_friendly_c_3i_click_count,friendly_c_3i,t_warm_c_3_first_click,t_warm_c_3_last_click,t_warm_c_3_page_submit,t_warm_c_3_click_count,warm_c_3,t_warm_c_3i_first_click,t_warm_c_3i_last_click,t_warm_c_3i_page_submit,t_warm_c_3i_click_count,warm_c_3i,t_worrying_c_3_first_click,t_worrying_c_3_last_click,t_worrying_c_3_page_submit,t_worrying_c_3_click_count,worrying_c_3,t_worrying_c_3i_first_click,t_worrying_c_3i_last_click,t_worrying_c_3i_page_submit,t_worrying_c_3i_click_count,worrying_c_3i,t_responsible_c_3_first_click,t_responsible_c_3_last_click,t_responsible_c_3_page_submit,t_responsible_c_3_click_count,responsible_c_3,t_responsible_c_3i_first_click,t_responsible_c_3i_last_click,t_responsible_c_3i_page_submit,t_responsible_c_3i_click_count,responsible_c_3i,t_lively_c_3_first_click,t_lively_c_3_last_click,t_lively_c_3_page_submit,t_lively_c_3_click_count,lively_c_3,t_lively_c_3i_first_click,t_lively_c_3i_last_click,t_lively_c_3i_page_submit,t_lively_c_3i_click_count,lively_c_3i,t_asleep_c_3_first_click,t_asleep_c_3_last_click,t_asleep_c_3_page_submit,t_asleep_c_3_click_count,asleep_c_3,t_asleep_c_3i_first_click,t_asleep_c_3i_last_click,t_asleep_c_3i_page_submit,t_asleep_c_3i_click_count,asleep_c_3i,t_caring_c_3_first_click,t_caring_c_3_last_click,t_caring_c_3_page_submit,t_caring_c_3_click_count,caring_c_3,t_caring_c_3i_first_click,t_caring_c_3i_last_click,t_caring_c_3i_page_submit,t_caring_c_3i_click_count,caring_c_3i,t_nervous_c_3_first_click,t_nervous_c_3_last_click,t_nervous_c_3_page_submit,t_nervous_c_3_click_count,nervous_c_3,t_nervous_c_3i_first_click,t_nervous_c_3i_last_click,t_nervous_c_3i_page_submit,t_nervous_c_3i_click_count,nervous_c_3i,t_creative_c_3_first_click,t_creative_c_3_last_click,t_creative_c_3_page_submit,t_creative_c_3_click_count,creative_c_3,t_creative_c_3i_first_click,t_creative_c_3i_last_click,t_creative_c_3i_page_submit,t_creative_c_3i_click_count,creative_c_3i,t_hardworking_c_3_first_click,t_hardworking_c_3_last_click,t_hardworking_c_3_page_submit,t_hardworking_c_3_click_count,hardworking_c_3,t_hardworking_c_3i_first_click,t_hardworking_c_3i_last_click,t_hardworking_c_3i_page_submit,t_hardworking_c_3i_click_count,hardworking_c_3i,t_imaginative_c_3_first_click,t_imaginative_c_3_last_click,t_imaginative_c_3_page_submit,t_imaginative_c_3_click_count,imaginative_c_3,t_imaginative_c_3i_first_click,t_imaginative_c_3i_last_click,t_imaginative_c_3i_page_submit,t_imaginative_c_3i_click_count,imaginative_c_3i,t_softhearted_c_3_first_click,t_softhearted_c_3_last_click,t_softhearted_c_3_page_submit,t_softhearted_c_3_click_count,softhearted_c_3,t_softhearted_c_3i_first_click,t_softhearted_c_3i_last_click,t_softhearted_c_3i_page_submit,t_softhearted_c_3i_click_count,softhearted_c_3i,t_calm_c_3_first_click,t_calm_c_3_last_click,t_calm_c_3_page_submit,t_calm_c_3_click_count,calm_c_3,t_calm_c_3i_first_click,t_calm_c_3i_last_click,t_calm_c_3i_page_submit,t_calm_c_3i_click_count,calm_c_3i,t_self_disciplind_c_3_first_click,t_self_disciplind_c_3_last_click,t_self_disciplind_c_3_page_submit,t_self_disciplind_c_3_click_count,self_disciplind_c_3,t_self_disciplind_c_3i_first_click,t_self_disciplind_c_3i_last_click,t_self_disciplind_c_3i_page_submit,t_self_disciplind_c_3i_click_count,self_disciplind_c_3i,t_intelligent_c_3_first_click,t_intelligent_c_3_last_click,t_intelligent_c_3_page_submit,t_intelligent_c_3_click_count,intelligent_c_3,t_intelligent_c_3i_first_click,t_intelligent_c_3i_last_click,t_intelligent_c_3i_page_submit,t_intelligent_c_3i_click_count,intelligent_c_3i,t_curious_c_3_first_click,t_curious_c_3_last_click,t_curious_c_3_page_submit,t_curious_c_3_click_count,curious_c_3,t_curious_c_3i_first_click,t_curious_c_3i_last_click,t_curious_c_3i_page_submit,t_curious_c_3i_click_count,curious_c_3i,t_active_c_3_first_click,t_active_c_3_last_click,t_active_c_3_page_submit,t_active_c_3_click_count,active_c_3,t_active_c_3i_first_click,t_active_c_3i_last_click,t_active_c_3i_page_submit,t_active_c_3i_click_count,active_c_3i,t_human_c_3_first_click,t_human_c_3_last_click,t_human_c_3_page_submit,t_human_c_3_click_count,human_c_3,t_human_c_3i_first_click,t_human_c_3i_last_click,t_human_c_3i_page_submit,t_human_c_3i_click_count,human_c_3i,t_careless_c_3_first_click,t_careless_c_3_last_click,t_careless_c_3_page_submit,t_careless_c_3_click_count,careless_c_3,t_careless_c_3i_first_click,t_careless_c_3i_last_click,t_careless_c_3i_page_submit,t_careless_c_3i_click_count,careless_c_3i,t_broad_minded_c_3_first_click,t_broad_minded_c_3_last_click,t_broad_minded_c_3_page_submit,t_broad_minded_c_3_click_count,broad_minded_c_3,t_broad_minded_c_3i_first_click,t_broad_minded_c_3i_last_click,t_broad_minded_c_3i_page_submit,t_broad_minded_c_3i_click_count,broad_minded_c_3i,t_impulsive_c_3_first_click,t_impulsive_c_3_last_click,t_impulsive_c_3_page_submit,t_impulsive_c_3_click_count,impulsive_c_3,t_impulsive_c_3i_first_click,t_impulsive_c_3i_last_click,t_impulsive_c_3i_page_submit,t_impulsive_c_3i_click_count,impulsive_c_3i,t_sympathetic_c_3_first_click,t_sympathetic_c_3_last_click,t_sympathetic_c_3_page_submit,t_sympathetic_c_3_click_count,sympathetic_c_3,t_sympathetic_c_3i_first_click,t_sympathetic_c_3i_last_click,t_sympathetic_c_3i_page_submit,t_sympathetic_c_3i_click_count,sympathetic_c_3i,t_cautious_c_3_first_click,t_cautious_c_3_last_click,t_cautious_c_3_page_submit,t_cautious_c_3_click_count,cautious_c_3,t_cautious_c_3i_first_click,t_cautious_c_3i_last_click,t_cautious_c_3i_page_submit,t_cautious_c_3i_click_count,cautious_c_3i,t_talkative_c_3_first_click,t_talkative_c_3_last_click,t_talkative_c_3_page_submit,t_talkative_c_3_click_count,talkative_c_3,t_talkative_c_3i_first_click,t_talkative_c_3i_last_click,t_talkative_c_3i_page_submit,t_talkative_c_3i_click_count,talkative_c_3i,t_sophisticated_c_3_first_click,t_sophisticated_c_3_last_click,t_sophisticated_c_3_page_submit,t_sophisticated_c_3_click_count,sophisticated_c_3,t_sophisticated_c_3i_first_click,t_sophisticated_c_3i_last_click,t_sophisticated_c_3i_page_submit,t_sophisticated_c_3i_click_count,sophisticated_c_3i,t_adventurous_c_3_first_click,t_adventurous_c_3_last_click,t_adventurous_c_3_page_submit,t_adventurous_c_3_click_count,adventurous_c_3,t_adventurous_c_3i_first_click,t_adventurous_c_3i_last_click,t_adventurous_c_3i_page_submit,t_adventurous_c_3i_click_count,adventurous_c_3i,t_thorough_c_3_first_click,t_thorough_c_3_last_click,t_thorough_c_3_page_submit,t_thorough_c_3_click_count,thorough_c_3,t_thorough_c_3i_first_click,t_thorough_c_3i_last_click,t_thorough_c_3i_page_submit,t_thorough_c_3i_click_count,thorough_c_3i,t_thrifty_c_3_first_click,t_thrifty_c_3_last_click,t_thrifty_c_3_page_submit,t_thrifty_c_3_click_count,thrifty_c_3,t_thrifty_c_3i_first_click,t_thrifty_c_3i_last_click,t_thrifty_c_3i_page_submit,t_thrifty_c_3i_click_count,thrifty_c_3i,t_quiet_c_3_first_click,t_quiet_c_3_last_click,t_quiet_c_3_page_submit,t_quiet_c_3_click_count,quiet_c_3,t_quiet_c_3i_first_click,t_quiet_c_3i_last_click,t_quiet_c_3i_page_submit,t_quiet_c_3i_click_count,quiet_c_3i,t_unsympathetic_c_3_first_click,t_unsympathetic_c_3_last_click,t_unsympathetic_c_3_page_submit,t_unsympathetic_c_3_click_count,unsympathetic_c_3,t_unsympathetic_c_3i_first_click,t_unsympathetic_c_3i_last_click,t_unsympathetic_c_3i_page_submit,t_unsympathetic_c_3i_click_count,unsympathetic_c_3i,t_relaxed_c_33_first_click,t_relaxed_c_33_last_click,t_relaxed_c_33_page_submit,t_relaxed_c_33_click_count,relaxed_c_3,t_relaxed_c_3i_first_click,t_relaxed_c_3i_last_click,t_relaxed_c_3i_page_submit,t_relaxed_c_3i_click_count,relaxed_c_3i,t_uncreative_c_3_first_click,t_uncreative_c_3_last_click,t_uncreative_c_3_page_submit,t_uncreative_c_3_click_count,uncreative_c_3,t_uncreative_c_3i_first_click,t_uncreative_c_3i_last_click,t_uncreative_c_3i_page_submit,t_uncreative_c_3i_click_count,uncreative_c_3i,t_shy_c_3_first_click,t_shy_c_3_last_click,t_shy_c_3_page_submit,t_shy_c_3_click_count,shy_c_3,t_shy_c_3i_first_click,t_shy_c_3i_last_click,t_shy_c_3i_page_submit,t_shy_c_3i_click_count,shy_c_3i,t_cold_c_3_first_click,t_cold_c_3_last_click,t_cold_c_3_page_submit,t_cold_c_3_click_count,cold_c_3,t_cold_c_3i_first_click,t_cold_c_3i_last_click,t_cold_c_3i_page_submit,t_cold_c_3i_click_count,cold_c_3i,t_unintellectual_c_3_first_click,t_unintellectual_c_3_last_click,t_unintellectual_c_3_page_submit,t_unintellectual_c_3_click_count,unintellectual_c_3,t_unintellectual_c_3i_first_click,t_unintellectual_c_3i_last_click,t_unintellectual_c_3i_page_submit,t_unintellectual_c_3i_click_count,unintellectual_c_3i,very_delayed_recall,fl_234_do_outgoing3,fl_234_do_outgoing3i,fl_42_do_helpful3,fl_42_do_helpful3i,fl_43_do_reckless3,fl_43_do_reckless3i,fl_44_do_moody3,fl_44_do_moody3i,fl_45_do_organized3,fl_45_do_organized3i,fl_46_do_friendly3,fl_46_do_friendly3i,fl_55_do_warm3,fl_55_do_warm3i,fl_60_do_worrying3,fl_60_do_worrying3i,fl_73_do_responsible3,fl_73_do_responsible3i,fl_74_do_lively3,fl_74_do_lively3i,fl_75_do_asleep3,fl_75_do_asleep3i,fl_84_do_caring3,fl_84_do_caring3i,fl_85_do_nervous3,fl_85_do_nervous3i,fl_98_do_creative3,fl_98_do_creative3i,fl_99_do_hardworking3,fl_99_do_hardworking3i,fl_100_do_imaginative3,fl_100_do_imaginative3i,fl_113_do_softhearted3,fl_113_do_softhearted3i,fl_114_do_calm3,fl_114_do_calm3i,fl_115_do_self_disciplined3,fl_115_do_self_disciplined3i,fl_128_do_intelligent3,fl_128_do_intelligent3i,fl_129_do_curious3,fl_129_do_curious3i,fl_130_do_active3,fl_130_do_active3i,fl_158_do_human3,fl_158_do_human3i,fl_159_do_careless3,fl_159_do_careless3i,fl_160_do_broad_minded3,fl_160_do_broad_minded3i,fl_177_do_impulsive3,fl_177_do_impulsive3i,fl_178_do_sympathetic3,fl_178_do_sympathetic3i,fl_179_do_cautious3,fl_179_do_cautious3i,fl_180_do_talkative3,fl_180_do_talkative3i,fl_193_do_sophisticated3,fl_193_do_sophisticated3i,fl_194_do_adventurous3,fl_194_do_adventurous3i,fl_195_do_thorough3,fl_195_do_thorough3i,fl_200_do_thrifty3,fl_200_do_thrifty3i,fl_257_do_quiet3,fl_257_do_quiet3i,fl_258_do_unsympathetic3,fl_258_do_unsympathetic3i,fl_259_do_relaxed3,fl_259_do_relaxed3i,fl_260_do_uncreative3,fl_260_do_uncreative3i,fl_261_do_shy3,fl_261_do_shy3i,fl_262_do_cold3,fl_262_do_cold3i,fl_263_do_unintellectual3,fl_263_do_unintellectual3i
2023-03-21T18:36:26Z,160,I agree,wiqAD2LB9l931ibWvtSMHKfL,NA,NA,NA,NA,NA,3.896,3.896,3.956,1,Very accurate,1.265,1.265,1.323,1,Very accurate,NA,NA,NA,NA,NA,NA,NA,NA,NA,NA,1.976,1.976,2.035,1,Very inaccurate,NA,NA,NA,NA,NA,1.183,1.183,1.244,1,Very inaccurate,NA,NA,NA,NA,NA,1.976,1.976,2.032,1,Moderately accurate,NA,NA,NA,NA,NA,1.765,1.765,1.822,1,Very accurate,NA,NA,NA,NA,NA,1.101,1.101,1.158,1,Very accurate,1.324,2.124,2.182,2,Very inaccurate,NA,NA,NA,NA,NA,NA,NA,NA,NA,NA,2.348,2.348,2.411,1,Very accurate,NA,NA,NA,NA,NA,1.545,1.545,1.606,1,Very accurate,1.996,1.996,2.054,1,Very inaccurate,NA,NA,NA,NA,NA,NA,NA,NA,NA,NA,1.365,1.365,1.423,1,Very accurate,NA,NA,NA,NA,NA,1.034,1.034,1.091,1,Very inaccurate,1.484,1.484,1.536,1,Very accurate,NA,NA,NA,NA,NA,NA,NA,NA,NA,NA,1.416,1.416,1.475,1,Very accurate,1.129,1.129,1.185,1,Very accurate,NA,NA,NA,NA,NA,NA,NA,NA,NA,NA,2.142,2.142,2.201,1,Slightly accurate,NA,NA,NA,NA,NA,1.638,1.638,1.696,1,Very accurate,NA,NA,NA,NA,NA,1.874,1.874,1.931,1,Very accurate,NA,NA,NA,NA,NA,0.84,0.84,0.885,1,Very accurate,NA,NA,NA,NA,NA,0.813,0.813,0.871,1,Very accurate,NA,NA,NA,NA,NA,0.899,0.899,0.956,1,Very accurate,1.011,1.011,1.068,1,Very accurate,NA,NA,NA,NA,NA,2.133,2.133,2.19,1,Very inaccurate,NA,NA,NA,NA,NA,5.945,5.945,6.006,1,Very accurate,NA,NA,NA,NA,NA,NA,NA,NA,NA,NA,1.469,1.469,1.527,1,Very inaccurate,NA,NA,NA,NA,NA,6.836,6.836,6.895,1,Very accurate,2.033,2.033,2.09,1,Slightly accurate,NA,NA,NA,NA,NA,4.875,4.875,4.935,1,Very inaccurate,NA,NA,NA,NA,NA,NA,NA,NA,NA,NA,2.419,2.419,2.478,1,Very accurate,1.815,1.815,1.873,1,Very inaccurate,NA,NA,NA,NA,NA,NA,NA,NA,NA,NA,4.034,4.034,4.092,1,Very accurate,NA,NA,NA,NA,NA,2.524,2.524,2.581,1,Moderately accurate,NA,NA,NA,NA,NA,4.816,4.816,4.871,1,Slightly inaccurate,2.735,2.735,2.788,1,Very inaccurate,NA,NA,NA,NA,NA,1.977,1.977,2.035,1,Very accurate,NA,NA,NA,NA,NA,NA,NA,NA,NA,NA,2.101,2.101,2.155,1,Very inaccurate,NA,NA,NA,NA,NA,2.191,2.191,2.252,1,Very inaccurate,1.584,1.584,1.642,1,Very inaccurate,NA,NA,NA,NA,NA,NA,NA,NA,NA,NA,1.986,1.986,2.043,1,Very inaccurate,There were no words,NA,1,1,NA,NA,1,NA,1,NA,1,NA,1,NA,1,1,NA,NA,1,NA,1,1,NA,NA,1,NA,1,1,NA,NA,1,1,NA,NA,1,NA,1,NA,1,NA,1,NA,1,NA,1,1,NA,1,NA,1,NA,NA,1,NA,1,1,NA,1,NA,NA,1,1,NA,NA,1,NA,1,NA,1,1,NA,1,NA,NA,1,NA,1,1,NA,NA,1
2023-03-21T18:37:55Z,169,I agree,OkTBaHpogaNm1lpE7ORFO4aa,4.255,4.255,4.264,1,Moderately inaccurate,NA,NA,NA,NA,NA,NA,NA,NA,NA,NA,2.899,2.899,2.906,1,Slightly accurate,2.791,2.791,2.798,1,Moderately inaccurate,NA,NA,NA,NA,NA,1.744,1.744,1.751,1,Slightly accurate,NA,NA,NA,NA,NA,1.815,1.815,1.821,1,Slightly accurate,NA,NA,NA,NA,NA,3.701,3.701,3.709,1,Slightly inaccurate,NA,NA,NA,NA,NA,1.202,1.202,1.209,1,Slightly inaccurate,NA,NA,NA,NA,NA,NA,NA,NA,NA,NA,1.617,1.617,1.624,1,Moderately accurate,1.48,1.48,1.486,1,Moderately accurate,NA,NA,NA,NA,NA,1.676,1.676,1.682,1,Slightly inaccurate,NA,NA,NA,NA,NA,NA,NA,NA,NA,NA,2.221,2.221,2.227,1,Slightly inaccurate,1.6,1.6,1.606,1,Slightly inaccurate,NA,NA,NA,NA,NA,1.235,1.235,1.242,1,Slightly accurate,NA,NA,NA,NA,NA,NA,NA,NA,NA,NA,1.994,1.994,2,1,Slightly accurate,1.57,1.57,1.577,1,Moderately accurate,NA,NA,NA,NA,NA,NA,NA,NA,NA,NA,1.549,1.549,1.556,1,Slightly accurate,NA,NA,NA,NA,NA,1.811,1.811,1.818,1,Slightly inaccurate,1.487,1.487,1.493,1,Slightly inaccurate,NA,NA,NA,NA,NA,NA,NA,NA,NA,NA,1.465,1.465,1.471,1,Moderately accurate,1.638,1.638,1.644,1,Slightly accurate,NA,NA,NA,NA,NA,NA,NA,NA,NA,NA,1.304,1.304,1.31,1,Slightly accurate,NA,NA,NA,NA,NA,2.799,2.799,2.805,1,Moderately accurate,1.572,1.572,1.578,1,Very accurate,NA,NA,NA,NA,NA,NA,NA,NA,NA,NA,3.459,3.459,3.465,1,Slightly inaccurate,1.523,1.523,1.529,1,Slightly accurate,NA,NA,NA,NA,NA,1.278,1.278,1.284,1,Slightly inaccurate,NA,NA,NA,NA,NA,NA,NA,NA,NA,NA,2.3,2.3,2.306,1,Slightly accurate,1.821,1.821,1.826,1,Slightly accurate,NA,NA,NA,NA,NA,NA,NA,NA,NA,NA,1.746,1.746,1.753,1,Slightly inaccurate,1.602,1.602,1.608,1,Slightly accurate,NA,NA,NA,NA,NA,NA,NA,NA,NA,NA,1.502,1.502,1.509,1,Slightly accurate,1.749,1.749,1.755,1,Moderately accurate,NA,NA,NA,NA,NA,NA,NA,NA,NA,NA,1.493,1.493,1.5,1,Moderately accurate,1.4,1.4,1.406,1,Slightly accurate,NA,NA,NA,NA,NA,NA,NA,NA,NA,NA,2.236,2.236,2.242,1,Slightly inaccurate,NA,NA,NA,NA,NA,1.875,1.875,1.881,1,Slightly inaccurate,1.655,1.655,1.662,1,Slightly inaccurate,NA,NA,NA,NA,NA,1.553,1.553,1.56,1,Slightly accurate,NA,NA,NA,NA,NA,NA,NA,NA,NA,NA,3.482,3.482,3.488,1,Slightly accurate,1.403,1.403,1.409,1,Slightly inaccurate,NA,NA,NA,NA,NA,"house, blood, engine",1,NA,NA,1,1,NA,1,NA,1,NA,1,NA,1,NA,NA,1,1,NA,1,NA,NA,1,1,NA,1,NA,NA,1,1,NA,NA,1,NA,1,1,NA,NA,1,1,NA,NA,1,NA,1,1,NA,NA,1,1,NA,1,NA,NA,1,1,NA,NA,1,1,NA,NA,1,1,NA,NA,1,1,NA,NA,1,NA,1,1,NA,1,NA,NA,1,1,NA
2023-03-21T18:39:19Z,188,I agree,G0knAisBzMPMny3ZveFH2hI9,NA,NA,NA,NA,NA,2.276,2.276,2.281,1,Moderately inaccurate,NA,NA,NA,NA,NA,1.745,1.745,1.749,1,Slightly accurate,NA,NA,NA,NA,NA,1.032,1.032,1.035,1,Slightly accurate,NA,NA,NA,NA,NA,1.501,1.501,1.607,1,Slightly accurate,1.513,1.513,1.518,1,Moderately accurate,NA,NA,NA,NA,NA,1.199,1.199,1.101,1,Slightly accurate,NA,NA,NA,NA,NA,NA,NA,NA,NA,NA,1.329,1.329,1.333,1,Slightly accurate,NA,NA,NA,NA,NA,1.278,1.278,1.283,1,Slightly accurate,NA,NA,NA,NA,NA,1.252,1.252,1.255,1,Moderately accurate,NA,NA,NA,NA,NA,1.223,1.223,1.228,1,Slightly inaccurate,NA,NA,NA,NA,NA,1.135,1.135,1.139,1,Slightly accurate,0.991,0.991,0.996,1,Slightly accurate,NA,NA,NA,NA,NA,NA,NA,NA,NA,NA,1.54,1.54,1.544,1,Moderately accurate,1.11,1.11,1.114,1,Slightly inaccurate,NA,NA,NA,NA,NA,NA,NA,NA,NA,NA,1.162,1.162,1.166,1,Slightly accurate,0.908,0.908,0.913,1,Slightly inaccurate,NA,NA,NA,NA,NA,1.004,1.004,1.007,1,Slightly accurate,NA,NA,NA,NA,NA,NA,NA,NA,NA,NA,1.698,1.698,1.702,1,Slightly inaccurate,1.66,1.66,1.664,1,Moderately accurate,NA,NA,NA,NA,NA,NA,NA,NA,NA,NA,1.147,1.147,1.151,1,Slightly accurate,1.025,1.025,1.029,1,Slightly accurate,NA,NA,NA,NA,NA,1.957,1.957,1.961,1,Moderately accurate,NA,NA,NA,NA,NA,NA,NA,NA,NA,NA,1.26,1.26,1.264,1,Very accurate,6.463,6.463,6.467,1,Moderately inaccurate,NA,NA,NA,NA,NA,NA,NA,NA,NA,NA,2.616,2.616,2.62,1,Moderately accurate,NA,NA,NA,NA,NA,1.048,1.048,1.051,1,Moderately accurate,1.492,1.492,1.497,1,Moderately accurate,NA,NA,NA,NA,NA,NA,NA,NA,NA,NA,1.114,1.114,1.119,1,Moderately accurate,1.65,1.65,1.655,1,Moderately inaccurate,NA,NA,NA,NA,NA,NA,NA,NA,NA,NA,1.725,1.725,1.73,1,Moderately inaccurate,0.985,0.985,0.99,1,Moderately accurate,NA,NA,NA,NA,NA,NA,NA,NA,NA,NA,1.413,1.413,1.417,1,Slightly accurate,1.058,1.058,1.063,1,Moderately accurate,NA,NA,NA,NA,NA,1.042,1.042,1.046,1,Slightly accurate,NA,NA,NA,NA,NA,NA,NA,NA,NA,NA,1.45,1.45,1.455,1,Moderately inaccurate,NA,NA,NA,NA,NA,1.08,1.08,1.085,1,Slightly inaccurate,NA,NA,NA,NA,NA,1.493,1.493,1.498,1,Slightly accurate,NA,NA,NA,NA,NA,1.052,1.052,1.056,1,Moderately accurate,1.401,1.401,1.405,1,Slightly inaccurate,NA,NA,NA,NA,NA,NA,NA,NA,NA,NA,1.216,1.216,1.221,1,Slightly inaccurate,"woman, house,",NA,1,NA,1,NA,1,NA,1,1,NA,1,NA,NA,1,NA,1,NA,1,NA,1,NA,1,1,NA,NA,1,1,NA,NA,1,1,NA,1,NA,NA,1,1,NA,NA,1,1,NA,1,NA,NA,1,1,NA,NA,1,NA,1,1,NA,NA,1,1,NA,NA,1,1,NA,NA,1,1,NA,1,NA,NA,1,NA,1,NA,1,NA,1,1,NA,NA,1
2023-03-21T18:42:31Z,142,I agree,RQ8T72vIhxzZfmnQGdHMRjcb,2.721,2.721,2.774,1,Very accurate,NA,NA,NA,NA,NA,0.974,0.974,1.026,1,Very accurate,NA,NA,NA,NA,NA,0.748,0.748,0.798,1,Very accurate,NA,NA,NA,NA,NA,1.57,1.57,1.623,1,Very accurate,NA,NA,NA,NA,NA,NA,NA,NA,NA,NA,1.261,1.261,1.315,1,Very accurate,NA,NA,NA,NA,NA,1.313,1.313,1.365,1,Moderately accurate,1.198,1.198,1.249,1,Slightly accurate,NA,NA,NA,NA,NA,1.252,1.252,1.305,1,Slightly accurate,NA,NA,NA,NA,NA,1.313,1.313,1.364,1,Moderately accurate,NA,NA,NA,NA,NA,1.157,1.157,1.207,1,Very accurate,NA,NA,NA,NA,NA,1.289,1.289,1.337,1,Very inaccurate,NA,NA,NA,NA,NA,NA,NA,NA,NA,NA,1.717,1.717,1.766,1,Moderately accurate,3.495,3.495,3.546,1,Slightly accurate,NA,NA,NA,NA,NA,NA,NA,NA,NA,NA,1.343,1.343,1.393,1,Very accurate,1.021,1.021,1.071,1,Very accurate,NA,NA,NA,NA,NA,NA,NA,NA,NA,NA,1.104,1.104,1.158,1,Very accurate,1.805,1.805,1.857,1,Slightly inaccurate,NA,NA,NA,NA,NA,1.825,1.825,1.879,1,Slightly inaccurate,NA,NA,NA,NA,NA,1.196,1.196,1.245,1,Slightly accurate,NA,NA,NA,NA,NA,1.358,1.358,1.408,1,Very accurate,NA,NA,NA,NA,NA,0.845,0.845,0.895,1,Very accurate,NA,NA,NA,NA,NA,1.151,1.151,1.1,1,Moderately accurate,NA,NA,NA,NA,NA,1.16,1.16,1.21,1,Very accurate,NA,NA,NA,NA,NA,NA,NA,NA,NA,NA,1.68,1.68,1.733,1,Very accurate,NA,NA,NA,NA,NA,1.065,1.065,1.116,1,Moderately accurate,NA,NA,NA,NA,NA,1.242,1.242,1.291,1,Moderately accurate,NA,NA,NA,NA,NA,1.388,1.388,1.438,1,Slightly inaccurate,NA,NA,NA,NA,NA,0.794,0.794,0.842,1,Slightly inaccurate,1.221,1.221,1.274,1,Moderately accurate,NA,NA,NA,NA,NA,0.773,0.773,0.821,1,Moderately accurate,NA,NA,NA,NA,NA,1.122,1.122,1.174,1,Slightly accurate,NA,NA,NA,NA,NA,NA,NA,NA,NA,NA,1.403,1.403,1.456,1,Very accurate,NA,NA,NA,NA,NA,1.061,1.061,1.113,1,Very accurate,NA,NA,NA,NA,NA,1.74,1.74,1.792,1,Slightly inaccurate,1.85,1.85,1.899,1,Moderately accurate,NA,NA,NA,NA,NA,1.834,1.834,1.882,1,Slightly inaccurate,NA,NA,NA,NA,NA,2.411,2.411,2.463,1,Very inaccurate,NA,NA,NA,NA,NA,3.566,3.566,3.618,1,Slightly accurate,NA,NA,NA,NA,NA,NA,NA,NA,NA,NA,2.18,2.18,2.233,1,Moderately accurate,NA,NA,NA,NA,NA,2.951,2.951,3.002,1,Very inaccurate,"Fire, water, church, sea, palace",1,NA,1,NA,1,NA,1,NA,NA,1,NA,1,1,NA,1,NA,1,NA,1,NA,1,NA,NA,1,1,NA,NA,1,1,NA,NA,1,1,NA,1,NA,1,NA,1,NA,1,NA,1,NA,1,NA,NA,1,NA,1,NA,1,NA,1,NA,1,1,NA,1,NA,1,NA,NA,1,NA,1,NA,1,1,NA,1,NA,1,NA,1,NA,NA,1,NA,1
2023-03-21T18:56:31Z,218,I agree,m7E8C5RYkZC6jkeyDGrnfXiv,4.772,4.772,4.778,1,Slightly inaccurate,NA,NA,NA,NA,NA,2.157,2.157,2.166,1,Moderately accurate,NA,NA,NA,NA,NA,1.953,1.953,1.959,1,Moderately inaccurate,NA,NA,NA,NA,NA,1.373,1.373,1.38,1,Moderately inaccurate,NA,NA,NA,NA,NA,1.468,1.468,1.477,1,Slightly accurate,NA,NA,NA,NA,NA,NA,NA,NA,NA,NA,1.932,1.932,1.939,1,Slightly accurate,1.221,1.221,1.228,1,Slightly accurate,NA,NA,NA,NA,NA,NA,NA,NA,NA,NA,1.495,1.495,1.501,1,Moderately inaccurate,1.483,1.483,1.488,1,Moderately accurate,NA,NA,NA,NA,NA,3.193,3.193,3.199,1,Slightly inaccurate,NA,NA,NA,NA,NA,NA,NA,NA,NA,NA,2.451,2.451,2.458,1,Slightly inaccurate,NA,NA,NA,NA,NA,1.787,1.787,1.794,1,Moderately accurate,NA,NA,NA,NA,NA,1.739,1.739,1.745,1,Slightly inaccurate,1.549,1.549,1.556,1,Slightly inaccurate,NA,NA,NA,NA,NA,NA,NA,NA,NA,NA,1.314,1.314,1.321,1,Moderately accurate,1.507,1.507,1.514,1,Slightly accurate,NA,NA,NA,NA,NA,NA,NA,NA,NA,NA,1.413,1.413,1.419,1,Slightly accurate,NA,NA,NA,NA,NA,3.163,3.163,3.172,1,Moderately accurate,NA,NA,NA,NA,NA,1.274,1.274,1.281,1,Moderately accurate,NA,NA,NA,NA,NA,1.37,1.37,1.376,1,Moderately accurate,NA,NA,NA,NA,NA,1.302,1.302,1.309,1,Moderately accurate,NA,NA,NA,NA,NA,1.314,1.314,1.32,1,Slightly accurate,NA,NA,NA,NA,NA,1.416,1.416,1.422,1,Very accurate,1.843,1.843,1.849,1,Moderately inaccurate,NA,NA,NA,NA,NA,1.63,1.63,1.636,1,Slightly accurate,NA,NA,NA,NA,NA,1.83,1.83,1.835,1,Slightly inaccurate,NA,NA,NA,NA,NA,1.254,1.254,1.261,1,Slightly accurate,NA,NA,NA,NA,NA,4.545,4.545,4.552,1,Slightly inaccurate,NA,NA,NA,NA,NA,NA,NA,NA,NA,NA,1.504,1.504,1.614,1,Slightly inaccurate,NA,NA,NA,NA,NA,1.448,1.448,1.454,1,Slightly accurate,NA,NA,NA,NA,NA,1.373,1.373,1.379,1,Slightly accurate,2.537,2.537,2.544,1,Slightly accurate,NA,NA,NA,NA,NA,2.739,2.739,2.746,1,Slightly accurate,NA,NA,NA,NA,NA,NA,NA,NA,NA,NA,1.58,1.58,1.585,1,Slightly accurate,NA,NA,NA,NA,NA,3.14,3.14,3.147,1,Moderately inaccurate,NA,NA,NA,NA,NA,1.401,1.401,1.515,1,Slightly accurate,NA,NA,NA,NA,NA,2.024,2.024,2.033,1,Slightly accurate,NA,NA,NA,NA,NA,1.382,1.382,1.388,1,Slightly accurate,1.355,1.355,1.361,1,Slightly inaccurate,NA,NA,NA,NA,NA,1.387,1.387,1.394,1,Moderately inaccurate,NA,NA,NA,NA,NA,none,1,NA,1,NA,1,NA,1,NA,1,NA,NA,1,1,NA,NA,1,1,NA,1,NA,NA,1,NA,1,NA,1,1,NA,NA,1,1,NA,NA,1,NA,1,NA,1,NA,1,NA,1,NA,1,NA,1,1,NA,1,NA,1,NA,1,NA,1,NA,NA,1,NA,1,NA,1,1,NA,1,NA,NA,1,NA,1,NA,1,NA,1,NA,1,1,NA,1,NA
2023-03-21T19:13:50Z,1036,I agree,ShiJZog3VnWFODK4Dqc7srjL,NA,NA,NA,NA,NA,132.109,132.109,132.118,1,Slightly inaccurate,NA,NA,NA,NA,NA,1.287,1.287,1.293,1,Slightly inaccurate,NA,NA,NA,NA,NA,0.324,0.324,0.331,1,Slightly inaccurate,NA,NA,NA,NA,NA,0.031,0.229,0.237,2,Slightly inaccurate,NA,NA,NA,NA,NA,0.162,0.162,0.169,1,Slightly inaccurate,0.103,0.299,0.306,2,Slightly inaccurate,NA,NA,NA,NA,NA,NA,NA,NA,NA,NA,0.18,0.18,0.187,1,Slightly inaccurate,5.296,5.296,5.201,1,Slightly inaccurate,NA,NA,NA,NA,NA,NA,NA,NA,NA,NA,0.268,0.268,0.275,1,Slightly inaccurate,NA,NA,NA,NA,NA,0.103,0.673,0.678,2,Slightly inaccurate,0.218,0.218,0.224,1,Slightly inaccurate,NA,NA,NA,NA,NA,62.145,62.145,62.15,1,Slightly inaccurate,NA,NA,NA,NA,NA,NA,NA,NA,NA,NA,0.517,0.517,0.523,1,Slightly inaccurate,0.383,0.383,0.39,1,Slightly inaccurate,NA,NA,NA,NA,NA,NA,NA,NA,NA,NA,0.391,0.391,0.397,1,Slightly inaccurate,0.36,0.36,0.366,1,Slightly inaccurate,NA,NA,NA,NA,NA,NA,NA,NA,NA,NA,0.219,0.219,0.223,1,Slightly inaccurate,0.152,0.152,0.157,1,Slightly inaccurate,NA,NA,NA,NA,NA,0.226,0.226,0.232,1,Slightly inaccurate,NA,NA,NA,NA,NA,NA,NA,NA,NA,NA,0.094,0.094,0.099,1,Slightly inaccurate,0.231,0.231,0.237,1,Slightly inaccurate,NA,NA,NA,NA,NA,0.529,0.529,0.535,1,Slightly inaccurate,NA,NA,NA,NA,NA,NA,NA,NA,NA,NA,0.352,0.352,0.358,1,Slightly inaccurate,0.165,0.165,0.171,1,Slightly inaccurate,NA,NA,NA,NA,NA,0.393,0.393,0.399,1,Slightly inaccurate,NA,NA,NA,NA,NA,NA,NA,NA,NA,NA,0.276,0.276,0.282,1,Slightly inaccurate,0.02,0.417,0.423,2,Slightly inaccurate,NA,NA,NA,NA,NA,0.121,0.121,0.127,1,Slightly inaccurate,NA,NA,NA,NA,NA,6.359,6.359,6.366,1,Slightly inaccurate,NA,NA,NA,NA,NA,0.098,0.35,0.357,2,Slightly inaccurate,NA,NA,NA,NA,NA,0.182,0.182,0.19,1,Slightly inaccurate,NA,NA,NA,NA,NA,0.169,0.169,0.174,1,Slightly inaccurate,NA,NA,NA,NA,NA,0.143,0.143,0.148,1,Slightly inaccurate,NA,NA,NA,NA,NA,0.003,0.204,0.21,2,Slightly inaccurate,NA,NA,NA,NA,NA,0.232,0.232,0.238,1,Slightly inaccurate,NA,NA,NA,NA,NA,0.031,0.293,0.299,2,Slightly inaccurate,NA,NA,NA,NA,NA,0.216,0.301,0.408,2,Slightly inaccurate,NA,NA,NA,NA,NA,NA,NA,NA,NA,NA,0.163,0.163,0.168,1,Slightly inaccurate,0.121,0.359,0.365,2,Slightly inaccurate,NA,NA,NA,NA,NA,0.021,0.343,0.35,2,Slightly inaccurate,NA,NA,NA,NA,NA,blue,NA,1,NA,1,NA,1,NA,1,NA,1,1,NA,NA,1,1,NA,NA,1,NA,1,1,NA,1,NA,NA,1,1,NA,NA,1,1,NA,NA,1,1,NA,1,NA,NA,1,1,NA,1,NA,NA,1,1,NA,1,NA,NA,1,1,NA,1,NA,1,NA,1,NA,1,NA,1,NA,1,NA,1,NA,1,NA,1,NA,1,NA,NA,1,1,NA,1,NA
2023-03-21T19:34:29Z,238,I agree,Tx3UNsNnlzzyDy1mUOBF5Izt,2.663,9.445,9.522,2,Very inaccurate,NA,NA,NA,NA,NA,NA,NA,NA,NA,NA,4.222,4.222,4.282,1,Moderately accurate,2.319,2.319,2.388,1,Moderately inaccurate,NA,NA,NA,NA,NA,NA,NA,NA,NA,NA,2.686,2.686,2.769,1,Moderately inaccurate,7.184,7.184,7.258,1,Slightly accurate,NA,NA,NA,NA,NA,NA,NA,NA,NA,NA,4.408,4.408,4.497,1,Moderately accurate,NA,NA,NA,NA,NA,3.555,3.555,3.638,1,Moderately accurate,3.132,3.132,3.199,1,Slightly accurate,NA,NA,NA,NA,NA,2.578,2.578,2.666,1,Moderately accurate,NA,NA,NA,NA,NA,2.25,2.25,2.339,1,Slightly accurate,NA,NA,NA,NA,NA,11.849,11.849,11.94,1,Moderately inaccurate,NA,NA,NA,NA,NA,2.264,2.264,2.333,1,Moderately accurate,NA,NA,NA,NA,NA,4.676,4.676,4.764,1,Slightly inaccurate,NA,NA,NA,NA,NA,NA,NA,NA,NA,NA,2.643,2.643,2.719,1,Moderately accurate,3.5,3.5,3.671,1,Moderately accurate,NA,NA,NA,NA,NA,NA,NA,NA,NA,NA,2.148,2.148,2.234,1,Moderately accurate,1.348,1.348,1.437,1,Moderately accurate,NA,NA,NA,NA,NA,NA,NA,NA,NA,NA,5.14,5.14,5.22,1,Moderately accurate,NA,NA,NA,NA,NA,2.58,2.58,2.653,1,Moderately accurate,5.276,5.276,5.34,1,Moderately accurate,NA,NA,NA,NA,NA,NA,NA,NA,NA,NA,2.819,2.819,2.88,1,Moderately accurate,NA,NA,NA,NA,NA,4.173,4.173,4.265,1,Slightly inaccurate,3.785,3.785,3.857,1,Very accurate,NA,NA,NA,NA,NA,NA,NA,NA,NA,NA,9.627,9.627,9.697,1,Very inaccurate,NA,NA,NA,NA,NA,3.521,3.521,3.604,1,Moderately accurate,2.954,2.954,3.036,1,Moderately inaccurate,NA,NA,NA,NA,NA,NA,NA,NA,NA,NA,2.166,2.166,2.249,1,Very accurate,NA,NA,NA,NA,NA,5.158,5.158,5.24,1,Moderately accurate,NA,NA,NA,NA,NA,3.729,3.729,3.813,1,Slightly inaccurate,NA,NA,NA,NA,NA,3.677,3.677,3.751,1,Slightly inaccurate,NA,NA,NA,NA,NA,1.535,1.535,1.606,1,Slightly inaccurate,NA,NA,NA,NA,NA,3.173,3.173,3.243,1,Slightly accurate,NA,NA,NA,NA,NA,8.301,8.301,8.471,1,Slightly accurate,1.726,1.726,1.793,1,Moderately accurate,NA,NA,NA,NA,NA,NA,NA,NA,NA,NA,2.407,2.407,2.475,1,Very inaccurate,NA,NA,NA,NA,NA,1.627,1.627,1.691,1,Moderately accurate,NA,NA,NA,NA,NA,2.46,2.46,2.532,1,Moderately inaccurate,2.477,2.477,2.551,1,Moderately accurate,NA,NA,NA,NA,NA,NA,NA,NA,NA,NA,3.932,3.932,4.006,1,Slightly inaccurate,NA,NA,NA,NA,NA,6.228,6.228,6.298,1,Moderately inaccurate,"Doctor, Fire",1,NA,NA,1,1,NA,NA,1,1,NA,NA,1,NA,1,1,NA,1,NA,1,NA,1,NA,1,NA,1,NA,NA,1,1,NA,NA,1,1,NA,NA,1,NA,1,1,NA,NA,1,NA,1,1,NA,NA,1,NA,1,1,NA,NA,1,NA,1,NA,1,NA,1,NA,1,NA,1,NA,1,1,NA,NA,1,NA,1,NA,1,1,NA,NA,1,NA,1
2023-03-21T19:45:35Z,199,I agree,gCDCw9JFx7qpm3Fh9GxvGB9x,NA,NA,NA,NA,NA,3.354,3.354,3.448,1,Very inaccurate,2.577,2.577,2.671,1,Very accurate,NA,NA,NA,NA,NA,NA,NA,NA,NA,NA,1.844,1.844,1.931,1,Very inaccurate,4.444,4.444,4.53,1,Slightly inaccurate,NA,NA,NA,NA,NA,NA,NA,NA,NA,NA,2.323,2.323,2.407,1,Very accurate,2.764,2.764,2.85,1,Slightly accurate,NA,NA,NA,NA,NA,1.642,1.642,1.729,1,Slightly accurate,NA,NA,NA,NA,NA,NA,NA,NA,NA,NA,8.337,8.337,8.424,1,Moderately inaccurate,NA,NA,NA,NA,NA,1.5,1.5,1.591,1,Very accurate,NA,NA,NA,NA,NA,1.615,1.615,1.697,1,Moderately inaccurate,NA,NA,NA,NA,NA,1.749,1.749,1.837,1,Very inaccurate,NA,NA,NA,NA,NA,1.56,1.56,1.64,1,Very accurate,NA,NA,NA,NA,NA,1.572,1.572,1.649,1,Moderately inaccurate,1.422,1.422,1.509,1,Moderately accurate,NA,NA,NA,NA,NA,NA,NA,NA,NA,NA,1.52,1.52,1.589,1,Moderately accurate,NA,NA,NA,NA,NA,2.147,2.147,2.23,1,Moderately accurate,NA,NA,NA,NA,NA,1.299,1.299,1.389,1,Moderately accurate,NA,NA,NA,NA,NA,1.889,1.889,1.968,1,Slightly accurate,NA,NA,NA,NA,NA,1.71,1.71,1.797,1,Moderately accurate,1.417,1.417,1.5,1,Very accurate,NA,NA,NA,NA,NA,1.394,1.394,1.474,1,Moderately accurate,NA,NA,NA,NA,NA,NA,NA,NA,NA,NA,1.559,1.559,1.644,1,Moderately inaccurate,NA,NA,NA,NA,NA,1.719,1.719,1.702,1,Very accurate,NA,NA,NA,NA,NA,1.897,1.897,1.982,1,Moderately inaccurate,1.592,1.592,1.667,1,Moderately accurate,NA,NA,NA,NA,NA,1.544,1.544,1.622,1,Moderately inaccurate,NA,NA,NA,NA,NA,1.546,1.546,1.625,1,Moderately accurate,NA,NA,NA,NA,NA,1.663,1.663,1.738,1,Moderately accurate,NA,NA,NA,NA,NA,NA,NA,NA,NA,NA,1.596,1.596,1.685,1,Moderately inaccurate,6.804,6.804,6.89,1,Slightly accurate,NA,NA,NA,NA,NA,NA,NA,NA,NA,NA,3.325,3.325,3.425,1,Moderately inaccurate,1.675,1.675,1.761,1,Moderately accurate,NA,NA,NA,NA,NA,NA,NA,NA,NA,NA,1.422,1.422,1.497,1,Moderately accurate,NA,NA,NA,NA,NA,1.309,1.309,1.384,1,Moderately accurate,2.867,2.867,2.942,1,Very inaccurate,NA,NA,NA,NA,NA,2.247,2.247,2.337,1,Moderately accurate,NA,NA,NA,NA,NA,1.402,1.402,1.478,1,Moderately inaccurate,NA,NA,NA,NA,NA,NA,NA,NA,NA,NA,1.711,1.711,1.794,1,Slightly accurate,NA,NA,NA,NA,NA,9.646,9.646,9.725,1,Very inaccurate,1.771,1.771,1.855,1,Very inaccurate,NA,NA,NA,NA,NA,"Letter, chimney, feather, woman",NA,1,1,NA,NA,1,1,NA,NA,1,1,NA,1,NA,NA,1,NA,1,NA,1,NA,1,NA,1,NA,1,1,NA,NA,1,NA,1,NA,1,NA,1,NA,1,1,NA,1,NA,NA,1,NA,1,NA,1,1,NA,1,NA,1,NA,1,NA,NA,1,1,NA,NA,1,1,NA,NA,1,NA,1,1,NA,1,NA,1,NA,NA,1,NA,1,1,NA
2023-03-21T20:56:47Z,252,I agree,XEt1XWq1PVvFmDd623B1WlMX,6.971,6.971,6.901,1,Moderately accurate,NA,NA,NA,NA,NA,NA,NA,NA,NA,NA,2.066,2.066,2.096,1,Moderately accurate,NA,NA,NA,NA,NA,6.427,6.427,6.455,1,Slightly accurate,NA,NA,NA,NA,NA,1.571,1.571,1.598,1,Slightly accurate,1.651,1.651,1.681,1,Slightly accurate,NA,NA,NA,NA,NA,1.723,1.723,1.749,1,Very accurate,NA,NA,NA,NA,NA,NA,NA,NA,NA,NA,2.392,2.392,2.3,1,Moderately accurate,2.199,2.199,2.225,1,Slightly accurate,NA,NA,NA,NA,NA,2.345,2.345,2.369,1,Slightly accurate,NA,NA,NA,NA,NA,NA,NA,NA,NA,NA,1.335,1.335,1.358,1,Moderately accurate,NA,NA,NA,NA,NA,1.964,1.964,1.99,1,Moderately accurate,2.141,2.141,2.168,1,Moderately accurate,NA,NA,NA,NA,NA,NA,NA,NA,NA,NA,4.314,4.314,4.339,1,Slightly accurate,NA,NA,NA,NA,NA,1.103,1.103,1.129,1,Very accurate,1.202,1.202,1.23,1,Slightly accurate,NA,NA,NA,NA,NA,0.966,0.966,0.994,1,Very accurate,NA,NA,NA,NA,NA,NA,NA,NA,NA,NA,2.179,2.179,2.103,1,Moderately accurate,NA,NA,NA,NA,NA,2.198,2.198,2.223,1,Slightly accurate,2.294,2.294,2.202,1,Slightly accurate,NA,NA,NA,NA,NA,NA,NA,NA,NA,NA,6.212,6.212,6.238,1,Very accurate,NA,NA,NA,NA,NA,1.863,1.863,1.889,1,Very accurate,2.256,2.256,2.283,1,Slightly accurate,NA,NA,NA,NA,NA,0.914,0.914,0.94,1,Very accurate,NA,NA,NA,NA,NA,2.191,2.191,2.101,1,Slightly accurate,NA,NA,NA,NA,NA,NA,NA,NA,NA,NA,2.825,2.825,2.85,1,Slightly accurate,NA,NA,NA,NA,NA,1.298,1.298,1.322,1,Slightly accurate,NA,NA,NA,NA,NA,1.286,1.286,1.203,1,Moderately accurate,NA,NA,NA,NA,NA,0.948,0.948,0.974,1,Slightly accurate,1.058,1.058,1.085,1,Moderately accurate,NA,NA,NA,NA,NA,NA,NA,NA,NA,NA,0.959,0.959,0.986,1,Slightly accurate,1.447,1.447,1.472,1,Moderately accurate,NA,NA,NA,NA,NA,NA,NA,NA,NA,NA,2.202,2.202,2.336,1,Moderately accurate,0.989,0.989,0.901,1,Moderately accurate,NA,NA,NA,NA,NA,1.474,1.474,1.501,1,Moderately accurate,NA,NA,NA,NA,NA,2.692,2.692,2.6,1,Slightly inaccurate,NA,NA,NA,NA,NA,NA,NA,NA,NA,NA,2.197,2.197,2.226,1,Moderately accurate,NA,NA,NA,NA,NA,1.539,1.539,1.567,1,Moderately inaccurate,1.299,1.299,1.326,1,Moderately accurate,NA,NA,NA,NA,NA,2.968,2.968,2.995,1,Slightly accurate,NA,NA,NA,NA,NA,NA,NA,NA,NA,NA,1.569,1.569,1.596,1,Moderately inaccurate,"Calm, intelligent, relaxed, asleep, sympathetic, unsympathetic, unintelligent, nervous, friendly, shy",1,NA,NA,1,NA,1,NA,1,1,NA,1,NA,NA,1,1,NA,1,NA,NA,1,NA,1,1,NA,NA,1,NA,1,1,NA,1,NA,NA,1,NA,1,1,NA,NA,1,NA,1,1,NA,1,NA,1,NA,NA,1,NA,1,NA,1,NA,1,1,NA,NA,1,1,NA,NA,1,1,NA,1,NA,1,NA,NA,1,NA,1,1,NA,1,NA,NA,1
2023-03-21T21:35:53Z,395,I agree,2C0Vd3h2F04NITXGodKzU4Ht,4.996,4.996,4.902,1,Very inaccurate,NA,NA,NA,NA,NA,NA,NA,NA,NA,NA,1.874,1.874,1.909,1,Moderately accurate,NA,NA,NA,NA,NA,3.114,3.114,3.148,1,Slightly inaccurate,1.501,1.501,1.401,1,Slightly accurate,NA,NA,NA,NA,NA,1.574,1.574,1.503,1,Slightly inaccurate,NA,NA,NA,NA,NA,1.748,1.748,1.781,1,Moderately accurate,NA,NA,NA,NA,NA,1.687,1.687,1.615,1,Slightly accurate,NA,NA,NA,NA,NA,NA,NA,NA,NA,NA,1.874,1.874,1.907,1,Very accurate,1.825,1.825,1.847,1,Moderately accurate,NA,NA,NA,NA,NA,NA,NA,NA,NA,NA,1.563,1.563,1.595,1,Slightly accurate,NA,NA,NA,NA,NA,1.099,1.099,1.006,1,Slightly accurate,NA,NA,NA,NA,NA,1.301,1.301,1.202,1,Moderately accurate,1.807,1.807,1.937,1,Very accurate,NA,NA,NA,NA,NA,1.849,1.849,1.88,1,Very accurate,NA,NA,NA,NA,NA,NA,NA,NA,NA,NA,2.601,2.601,2.504,1,Slightly inaccurate,NA,NA,NA,NA,NA,1.268,1.268,1.3,1,Slightly accurate,1.715,1.715,1.745,1,Slightly accurate,NA,NA,NA,NA,NA,1.75,1.75,1.782,1,Slightly inaccurate,NA,NA,NA,NA,NA,2.44,2.44,2.474,1,Slightly accurate,NA,NA,NA,NA,NA,NA,NA,NA,NA,NA,1.887,1.887,1.812,1,Slightly accurate,1.65,1.65,1.681,1,Slightly accurate,NA,NA,NA,NA,NA,1.029,1.029,1.062,1,Slightly accurate,NA,NA,NA,NA,NA,1.92,1.92,1.949,1,Very accurate,NA,NA,NA,NA,NA,2.603,2.603,2.74,1,Slightly inaccurate,NA,NA,NA,NA,NA,NA,NA,NA,NA,NA,1.811,1.811,1.949,1,Moderately inaccurate,6.73,6.73,6.763,1,Very inaccurate,NA,NA,NA,NA,NA,NA,NA,NA,NA,NA,2.681,2.681,2.603,1,Slightly accurate,1.289,1.289,1.203,1,Slightly accurate,NA,NA,NA,NA,NA,NA,NA,NA,NA,NA,1.982,1.982,1.901,1,Moderately inaccurate,44.608,44.608,44.742,1,Slightly inaccurate,NA,NA,NA,NA,NA,NA,NA,NA,NA,NA,3.499,3.499,3.411,1,Slightly inaccurate,4.401,4.401,4.442,1,Slightly inaccurate,NA,NA,NA,NA,NA,NA,NA,NA,NA,NA,2.048,2.048,2.08,1,Moderately accurate,NA,NA,NA,NA,NA,1.916,1.916,1.949,1,Very accurate,NA,NA,NA,NA,NA,2.18,2.18,2.102,1,Moderately inaccurate,2.233,2.233,2.26,1,Slightly inaccurate,NA,NA,NA,NA,NA,1.655,1.655,1.685,1,Moderately inaccurate,NA,NA,NA,NA,NA,NA,NA,NA,NA,NA,2.408,2.408,2.426,1,Very accurate,NA,NA,NA,NA,NA,3.434,3.434,3.461,1,Moderately inaccurate,2.434,2.434,2.464,1,Very inaccurate,NA,NA,NA,NA,NA,"ocean, magic",1,NA,NA,1,NA,1,1,NA,1,NA,1,NA,1,NA,NA,1,1,NA,NA,1,NA,1,NA,1,1,NA,1,NA,NA,1,NA,1,1,NA,1,NA,1,NA,NA,1,1,NA,1,NA,1,NA,1,NA,NA,1,1,NA,NA,1,1,NA,NA,1,1,NA,NA,1,1,NA,NA,1,NA,1,NA,1,1,NA,1,NA,NA,1,NA,1,1,NA
2023-03-22T12:01:20Z,146,I agree,v784PhLkR6gwx1SKTEklG2Ey,NA,NA,NA,NA,NA,1.463,1.463,1.501,1,Very inaccurate,2.447,2.447,2.483,1,Slightly accurate,NA,NA,NA,NA,NA,2.2,2.2,2.337,1,Slightly accurate,NA,NA,NA,NA,NA,NA,NA,NA,NA,NA,1.387,1.387,1.42,1,Moderately accurate,NA,NA,NA,NA,NA,1.435,1.435,1.474,1,Slightly accurate,NA,NA,NA,NA,NA,2.484,2.484,2.401,1,Slightly accurate,NA,NA,NA,NA,NA,1.561,1.561,1.501,1,Slightly inaccurate,1.241,1.241,1.275,1,Very accurate,NA,NA,NA,NA,NA,NA,NA,NA,NA,NA,2.002,2.002,2.047,1,Moderately inaccurate,1.235,1.235,1.269,1,Moderately inaccurate,NA,NA,NA,NA,NA,1.345,1.345,1.379,1,Moderately accurate,NA,NA,NA,NA,NA,1.434,1.434,1.472,1,Slightly accurate,NA,NA,NA,NA,NA,NA,NA,NA,NA,NA,1.267,1.267,1.3,1,Very accurate,1.747,1.747,1.785,1,Very inaccurate,NA,NA,NA,NA,NA,3.577,3.577,3.501,1,Moderately inaccurate,NA,NA,NA,NA,NA,6.975,6.975,6.9,1,Very inaccurate,NA,NA,NA,NA,NA,NA,NA,NA,NA,NA,1.999,1.999,1.9,1,Slightly accurate,1.416,1.416,1.456,1,Moderately inaccurate,NA,NA,NA,NA,NA,NA,NA,NA,NA,NA,1.578,1.578,1.612,1,Slightly inaccurate,1.964,1.964,1.998,1,Very inaccurate,NA,NA,NA,NA,NA,NA,NA,NA,NA,NA,3.316,3.316,3.351,1,Very accurate,NA,NA,NA,NA,NA,1.033,1.033,1.07,1,Very inaccurate,NA,NA,NA,NA,NA,1.969,1.969,1.9,1,Moderately accurate,NA,NA,NA,NA,NA,1.333,1.333,1.365,1,Slightly accurate,3.016,3.016,3.05,1,Moderately accurate,NA,NA,NA,NA,NA,NA,NA,NA,NA,NA,1.101,1.101,1.301,1,Slightly accurate,1.701,1.701,1.852,1,Slightly inaccurate,NA,NA,NA,NA,NA,NA,NA,NA,NA,NA,1.587,1.587,1.623,1,Moderately accurate,1.522,1.522,1.561,1,Very inaccurate,NA,NA,NA,NA,NA,NA,NA,NA,NA,NA,1.44,1.44,1.476,1,Very inaccurate,0.989,0.989,0.902,1,Very inaccurate,NA,NA,NA,NA,NA,NA,NA,NA,NA,NA,1.948,1.948,1.983,1,Moderately inaccurate,5.202,5.202,5.236,1,Very accurate,NA,NA,NA,NA,NA,NA,NA,NA,NA,NA,1.498,1.498,1.536,1,Very accurate,NA,NA,NA,NA,NA,6.645,6.645,6.702,1,Slightly accurate,NA,NA,NA,NA,NA,1.31,1.31,1.345,1,Very inaccurate,1.326,1.326,1.366,1,Very accurate,NA,NA,NA,NA,NA,1.345,1.345,1.384,1,Very accurate,NA,NA,NA,NA,NA,1.203,1.203,1.39,1,Moderately accurate,NA,NA,NA,NA,NA,NA,NA,NA,NA,NA,1.425,1.425,1.467,1,Moderately accurate,Ball,NA,1,1,NA,1,NA,NA,1,NA,1,NA,1,NA,1,1,NA,NA,1,1,NA,1,NA,1,NA,NA,1,1,NA,1,NA,1,NA,NA,1,1,NA,NA,1,1,NA,NA,1,NA,1,NA,1,NA,1,1,NA,NA,1,1,NA,NA,1,1,NA,NA,1,1,NA,NA,1,1,NA,NA,1,NA,1,NA,1,1,NA,1,NA,1,NA,NA,1
2023-03-22T12:36:00Z,196,I agree,tbxKincKmGP2n1gUZjwl1AuQ,4.229,4.229,4.275,1,Very inaccurate,NA,NA,NA,NA,NA,NA,NA,NA,NA,NA,1.808,1.808,1.843,1,Moderately accurate,NA,NA,NA,NA,NA,2.769,2.769,2.704,1,Moderately inaccurate,3.258,3.258,3.295,1,Slightly accurate,NA,NA,NA,NA,NA,NA,NA,NA,NA,NA,3.935,3.935,3.959,1,Moderately accurate,NA,NA,NA,NA,NA,2.351,2.351,2.387,1,Slightly inaccurate,NA,NA,NA,NA,NA,2.743,2.743,2.776,1,Slightly accurate,3.003,3.003,3.042,1,Slightly accurate,NA,NA,NA,NA,NA,1.703,1.703,1.842,1,Moderately accurate,NA,NA,NA,NA,NA,NA,NA,NA,NA,NA,2.04,2.04,2.08,1,Moderately inaccurate,3.264,3.264,3.298,1,Slightly accurate,NA,NA,NA,NA,NA,5.232,5.232,5.267,1,Moderately accurate,NA,NA,NA,NA,NA,1.973,1.973,1.907,1,Slightly accurate,NA,NA,NA,NA,NA,NA,NA,NA,NA,NA,1.733,2.615,2.657,2,Moderately accurate,NA,NA,NA,NA,NA,1.851,2.641,2.677,2,Slightly accurate,NA,NA,NA,NA,NA,1.692,1.692,1.607,1,Moderately accurate,1.902,1.902,2.038,1,Moderately accurate,NA,NA,NA,NA,NA,NA,NA,NA,NA,NA,2.184,2.184,2.102,1,Slightly accurate,NA,NA,NA,NA,NA,1.843,1.843,1.876,1,Moderately accurate,NA,NA,NA,NA,NA,2.013,2.013,2.049,1,Slightly accurate,NA,NA,NA,NA,NA,2.587,2.587,2.6,1,Very accurate,NA,NA,NA,NA,NA,2.46,2.46,2.402,1,Slightly inaccurate,2.069,2.069,2.103,1,Very accurate,NA,NA,NA,NA,NA,NA,NA,NA,NA,NA,2.233,2.233,2.272,1,Slightly inaccurate,3.16,3.16,3.177,1,Slightly accurate,NA,NA,NA,NA,NA,NA,NA,NA,NA,NA,1.588,1.588,1.504,1,Slightly accurate,NA,NA,NA,NA,NA,1.555,1.555,1.576,1,Moderately accurate,1.763,1.763,1.805,1,Very accurate,NA,NA,NA,NA,NA,1.955,1.955,1.991,1,Moderately inaccurate,NA,NA,NA,NA,NA,NA,NA,NA,NA,NA,2.635,2.635,2.659,1,Very inaccurate,2.568,2.568,2.502,1,Moderately inaccurate,NA,NA,NA,NA,NA,1.973,2.768,2.799,2,Moderately accurate,NA,NA,NA,NA,NA,1.747,1.747,1.777,1,Moderately accurate,NA,NA,NA,NA,NA,1.751,1.751,1.77,1,Very accurate,NA,NA,NA,NA,NA,2.167,2.167,2.199,1,Moderately inaccurate,NA,NA,NA,NA,NA,1.892,1.892,1.805,1,Slightly accurate,NA,NA,NA,NA,NA,NA,NA,NA,NA,NA,1.989,1.989,1.902,1,Slightly inaccurate,NA,NA,NA,NA,NA,1.871,1.871,1.889,1,Very accurate,2.425,2.425,2.446,1,Slightly inaccurate,NA,NA,NA,NA,NA,NA,NA,NA,NA,NA,1.833,1.833,1.854,1,Slightly accurate,"dollar, sky, ocean, pen",1,NA,NA,1,NA,1,1,NA,NA,1,NA,1,NA,1,1,NA,1,NA,NA,1,1,NA,1,NA,1,NA,NA,1,NA,1,NA,1,1,NA,NA,1,NA,1,NA,1,NA,1,NA,1,1,NA,NA,1,1,NA,NA,1,NA,1,1,NA,1,NA,NA,1,1,NA,1,NA,1,NA,1,NA,1,NA,1,NA,NA,1,NA,1,1,NA,NA,1
2023-03-22T12:47:34Z,430,I agree,XNdgh1t2yS4a5u40a7lj1gte,NA,NA,NA,NA,NA,4.711,4.711,4.727,1,Slightly inaccurate,3.499,3.499,3.514,1,Moderately accurate,NA,NA,NA,NA,NA,4.998,4.998,5.014,1,Moderately inaccurate,NA,NA,NA,NA,NA,NA,NA,NA,NA,NA,2.701,2.701,2.716,1,Slightly accurate,3.509,3.509,3.523,1,Moderately accurate,NA,NA,NA,NA,NA,2.196,2.196,2.21,1,Slightly inaccurate,NA,NA,NA,NA,NA,2.588,2.588,2.602,1,Moderately inaccurate,NA,NA,NA,NA,NA,NA,NA,NA,NA,NA,2.472,2.472,2.485,1,Moderately inaccurate,NA,NA,NA,NA,NA,2.704,2.704,2.719,1,Moderately accurate,4.092,4.092,4.105,1,Slightly accurate,NA,NA,NA,NA,NA,NA,NA,NA,NA,NA,4.6,4.6,4.714,1,Moderately inaccurate,NA,NA,NA,NA,NA,3.556,3.556,3.568,1,Slightly accurate,2.594,2.594,2.609,1,Moderately inaccurate,NA,NA,NA,NA,NA,NA,NA,NA,NA,NA,3.962,3.962,3.977,1,Slightly accurate,2.608,2.608,2.62,1,Moderately accurate,NA,NA,NA,NA,NA,3.174,3.174,3.187,1,Slightly accurate,NA,NA,NA,NA,NA,3.732,3.732,3.744,1,Slightly inaccurate,NA,NA,NA,NA,NA,NA,NA,NA,NA,NA,2.672,2.672,2.687,1,Very accurate,2.32,2.32,2.333,1,Moderately accurate,NA,NA,NA,NA,NA,2.343,2.343,2.368,1,Slightly accurate,NA,NA,NA,NA,NA,3.058,3.058,3.07,1,Slightly accurate,NA,NA,NA,NA,NA,2.211,2.211,2.227,1,Moderately accurate,NA,NA,NA,NA,NA,NA,NA,NA,NA,NA,2.579,2.579,2.595,1,Very accurate,2.031,2.031,2.045,1,Moderately inaccurate,NA,NA,NA,NA,NA,NA,NA,NA,NA,NA,5.746,5.746,5.758,1,Moderately accurate,2.524,2.524,2.538,1,Moderately inaccurate,NA,NA,NA,NA,NA,2.591,2.591,2.608,1,Slightly inaccurate,NA,NA,NA,NA,NA,NA,NA,NA,NA,NA,2.896,2.896,2.908,1,Slightly inaccurate,NA,NA,NA,NA,NA,2.344,2.344,2.358,1,Moderately inaccurate,2.898,2.898,2.91,1,Slightly accurate,NA,NA,NA,NA,NA,NA,NA,NA,NA,NA,2.715,2.715,2.728,1,Moderately accurate,NA,NA,NA,NA,NA,3.338,3.338,3.352,1,Slightly inaccurate,NA,NA,NA,NA,NA,2.292,2.292,2.31,1,Very inaccurate,3.613,3.613,3.628,1,Slightly accurate,NA,NA,NA,NA,NA,3.093,3.093,3.108,1,Moderately inaccurate,NA,NA,NA,NA,NA,3.633,3.633,3.647,1,Slightly accurate,NA,NA,NA,NA,NA,2.699,2.699,2.713,1,Moderately inaccurate,NA,NA,NA,NA,NA,3.464,3.464,3.478,1,Slightly accurate,NA,NA,NA,NA,NA,NA,NA,NA,NA,NA,3.897,3.897,3.913,1,Slightly inaccurate,2.296,2.296,2.308,1,Moderately inaccurate,NA,NA,NA,NA,NA,"cold, unsympathetic, talkative, creative, uncreative, active, quiet, sympathetic, curious, quiet, organized, friendly, spontaneous, shy, adventurous, reserved, empathetic, risk taker,",NA,1,1,NA,1,NA,NA,1,1,NA,1,NA,1,NA,NA,1,NA,1,1,NA,NA,1,NA,1,1,NA,NA,1,1,NA,1,NA,1,NA,NA,1,1,NA,1,NA,1,NA,1,NA,NA,1,1,NA,NA,1,1,NA,1,NA,NA,1,NA,1,1,NA,NA,1,NA,1,NA,1,1,NA,1,NA,1,NA,1,NA,1,NA,NA,1,1,NA
2023-03-22T17:43:49Z,249,I agree,BdRnWi11q3PSRd0rGuaXdTn1,3.983,3.983,3.999,1,Slightly accurate,NA,NA,NA,NA,NA,NA,NA,NA,NA,NA,2.705,2.705,2.72,1,Moderately accurate,2.594,2.594,2.509,1,Slightly inaccurate,NA,NA,NA,NA,NA,2.411,2.411,2.426,1,Very inaccurate,NA,NA,NA,NA,NA,NA,NA,NA,NA,NA,2.65,2.65,2.666,1,Slightly accurate,NA,NA,NA,NA,NA,7.164,7.164,7.18,1,Slightly accurate,2.215,2.215,2.229,1,Very accurate,NA,NA,NA,NA,NA,2.66,2.66,2.674,1,Moderately inaccurate,NA,NA,NA,NA,NA,NA,NA,NA,NA,NA,3.602,3.602,3.718,1,Slightly accurate,NA,NA,NA,NA,NA,5.98,5.98,5.994,1,Slightly accurate,NA,NA,NA,NA,NA,3.228,3.228,3.242,1,Moderately inaccurate,NA,NA,NA,NA,NA,2.601,2.601,2.721,1,Very accurate,NA,NA,NA,NA,NA,2.358,2.358,2.372,1,Moderately inaccurate,2.061,2.061,2.076,1,Very accurate,NA,NA,NA,NA,NA,NA,NA,NA,NA,NA,11.5,11.5,11.409,1,Moderately accurate,NA,NA,NA,NA,NA,2.248,2.248,2.262,1,Very accurate,NA,NA,NA,NA,NA,2.695,2.695,2.601,1,Slightly accurate,1.954,1.954,1.968,1,Moderately accurate,NA,NA,NA,NA,NA,NA,NA,NA,NA,NA,3.409,3.409,3.424,1,Slightly inaccurate,3.429,3.429,3.444,1,Moderately accurate,NA,NA,NA,NA,NA,NA,NA,NA,NA,NA,4.36,4.36,4.376,1,Very accurate,2.941,2.941,2.955,1,Moderately inaccurate,NA,NA,NA,NA,NA,1.991,1.991,1.902,1,Very accurate,NA,NA,NA,NA,NA,3.022,3.022,3.036,1,Slightly inaccurate,NA,NA,NA,NA,NA,2.697,2.697,2.608,1,Very accurate,NA,NA,NA,NA,NA,3.493,3.493,3.401,1,Slightly accurate,NA,NA,NA,NA,NA,5.086,5.086,5.101,1,Very accurate,NA,NA,NA,NA,NA,NA,NA,NA,NA,NA,3.671,3.671,3.687,1,Moderately accurate,2.596,2.596,2.611,1,Slightly inaccurate,NA,NA,NA,NA,NA,2.854,2.854,2.868,1,Slightly inaccurate,NA,NA,NA,NA,NA,NA,NA,NA,NA,NA,2.116,2.116,2.132,1,Moderately accurate,2.612,2.612,2.629,1,Slightly accurate,NA,NA,NA,NA,NA,NA,NA,NA,NA,NA,2.151,2.151,2.167,1,Slightly accurate,NA,NA,NA,NA,NA,2.062,2.062,2.076,1,Very accurate,NA,NA,NA,NA,NA,1.979,1.979,1.995,1,Very inaccurate,NA,NA,NA,NA,NA,1.533,1.533,1.548,1,Moderately accurate,NA,NA,NA,NA,NA,2,2,1.903,1,Very inaccurate,3.145,3.145,3.159,1,Moderately accurate,NA,NA,NA,NA,NA,1.894,1.894,1.801,1,Very inaccurate,NA,NA,NA,NA,NA,6.28,6.28,6.296,1,Moderately inaccurate,NA,NA,NA,NA,NA,"church, island, sea",1,NA,NA,1,1,NA,1,NA,NA,1,NA,1,1,NA,1,NA,NA,1,NA,1,NA,1,NA,1,NA,1,1,NA,NA,1,NA,1,NA,1,1,NA,NA,1,1,NA,NA,1,1,NA,1,NA,1,NA,1,NA,1,NA,1,NA,NA,1,1,NA,1,NA,NA,1,1,NA,NA,1,NA,1,NA,1,NA,1,NA,1,1,NA,1,NA,1,NA
2023-03-22T19:20:43Z,211,I agree,4QPeHgEsBPX1wAbbhE00yRAA,NA,NA,NA,NA,NA,4.43,4.43,4.505,1,Slightly inaccurate,2.413,2.413,2.488,1,Slightly inaccurate,NA,NA,NA,NA,NA,NA,NA,NA,NA,NA,3.474,3.474,3.537,1,Moderately inaccurate,NA,NA,NA,NA,NA,1.28,1.28,1.347,1,Slightly accurate,1.474,1.474,1.536,1,Slightly inaccurate,NA,NA,NA,NA,NA,1.296,1.296,1.358,1,Slightly accurate,NA,NA,NA,NA,NA,NA,NA,NA,NA,NA,2.321,2.321,2.389,1,Slightly inaccurate,NA,NA,NA,NA,NA,1.215,1.215,1.269,1,Very accurate,1.765,1.765,1.815,1,Moderately inaccurate,NA,NA,NA,NA,NA,1.337,1.337,1.403,1,Slightly inaccurate,NA,NA,NA,NA,NA,1.654,1.654,1.725,1,Slightly inaccurate,NA,NA,NA,NA,NA,1.676,1.676,1.74,1,Slightly accurate,NA,NA,NA,NA,NA,1.019,1.019,1.092,1,Very accurate,NA,NA,NA,NA,NA,NA,NA,NA,NA,NA,1.159,1.159,1.228,1,Moderately accurate,NA,NA,NA,NA,NA,4.047,4.047,4.119,1,Slightly accurate,NA,NA,NA,NA,NA,1.286,1.286,1.352,1,Moderately accurate,NA,NA,NA,NA,NA,1.19,1.19,1.259,1,Slightly accurate,NA,NA,NA,NA,NA,1.614,1.614,1.68,1,Slightly inaccurate,1.378,1.378,1.441,1,Moderately inaccurate,NA,NA,NA,NA,NA,NA,NA,NA,NA,NA,1.184,1.184,1.243,1,Moderately accurate,1.006,1.006,1.075,1,Moderately accurate,NA,NA,NA,NA,NA,NA,NA,NA,NA,NA,1.938,1.938,2.006,1,Moderately inaccurate,NA,NA,NA,NA,NA,1.133,1.133,1.207,1,Very accurate,NA,NA,NA,NA,NA,1.765,1.765,1.829,1,Slightly inaccurate,NA,NA,NA,NA,NA,1.39,1.39,1.456,1,Moderately accurate,NA,NA,NA,NA,NA,1.582,1.582,1.633,1,Slightly accurate,NA,NA,NA,NA,NA,1.32,1.32,1.396,1,Slightly accurate,1.35,1.35,1.414,1,Very accurate,NA,NA,NA,NA,NA,NA,NA,NA,NA,NA,1.091,1.091,1.156,1,Very accurate,NA,NA,NA,NA,NA,1.771,1.771,1.847,1,Moderately inaccurate,1.29,1.29,1.361,1,Slightly accurate,NA,NA,NA,NA,NA,NA,NA,NA,NA,NA,1.426,1.426,1.501,1,Slightly accurate,2.318,2.318,2.393,1,Slightly accurate,NA,NA,NA,NA,NA,NA,NA,NA,NA,NA,1.466,1.466,1.535,1,Slightly inaccurate,1.501,1.501,1.669,1,Slightly accurate,NA,NA,NA,NA,NA,1.479,1.479,1.547,1,Moderately inaccurate,NA,NA,NA,NA,NA,1.693,1.693,1.757,1,Very inaccurate,NA,NA,NA,NA,NA,NA,NA,NA,NA,NA,2.086,2.086,2.158,1,Slightly accurate,NA,NA,NA,NA,NA,1.823,1.823,1.895,1,Slightly accurate,NA,NA,NA,NA,NA,1.278,1.278,1.328,1,Moderately inaccurate,"Table, church, fire, baby, garden, castle, sea",NA,1,1,NA,NA,1,NA,1,1,NA,1,NA,NA,1,NA,1,1,NA,1,NA,1,NA,1,NA,1,NA,NA,1,NA,1,NA,1,NA,1,NA,1,1,NA,NA,1,1,NA,NA,1,NA,1,NA,1,NA,1,NA,1,NA,1,1,NA,NA,1,NA,1,1,NA,NA,1,1,NA,NA,1,1,NA,1,NA,1,NA,NA,1,NA,1,NA,1
2023-03-23T00:15:09Z,237,I agree,phhopeThn5yhdLUVdbbq9fDi,3.058,3.058,3.068,1,Very inaccurate,NA,NA,NA,NA,NA,NA,NA,NA,NA,NA,1.875,1.875,1.884,1,Slightly accurate,1.094,1.094,1.102,1,Slightly accurate,NA,NA,NA,NA,NA,1.56,1.56,1.569,1,Slightly inaccurate,NA,NA,NA,NA,NA,1.4,1.4,1.3,1,Moderately inaccurate,NA,NA,NA,NA,NA,NA,NA,NA,NA,NA,1.518,1.518,1.527,1,Moderately accurate,1.755,1.755,1.763,1,Very accurate,NA,NA,NA,NA,NA,1.824,1.824,1.832,1,Slightly accurate,NA,NA,NA,NA,NA,1.477,1.477,1.485,1,Slightly inaccurate,NA,NA,NA,NA,NA,1.929,1.929,1.944,1,Slightly accurate,NA,NA,NA,NA,NA,NA,NA,NA,NA,NA,1.484,1.484,1.492,1,Slightly accurate,1.661,1.661,1.668,1,Very accurate,NA,NA,NA,NA,NA,NA,NA,NA,NA,NA,2.206,2.206,2.214,1,Moderately accurate,1.734,1.734,1.742,1,Very accurate,NA,NA,NA,NA,NA,1.697,1.697,1.604,1,Slightly inaccurate,NA,NA,NA,NA,NA,1.301,1.301,1.415,1,Very accurate,NA,NA,NA,NA,NA,1.964,1.964,1.971,1,Moderately accurate,NA,NA,NA,NA,NA,1.384,1.384,1.399,1,Slightly accurate,NA,NA,NA,NA,NA,2.02,2.02,2.028,1,Slightly inaccurate,NA,NA,NA,NA,NA,1.635,1.635,1.644,1,Slightly accurate,NA,NA,NA,NA,NA,NA,NA,NA,NA,NA,2.094,2.094,2.1,1,Very accurate,NA,NA,NA,NA,NA,1.895,1.895,1.902,1,Slightly inaccurate,NA,NA,NA,NA,NA,1.694,1.694,1.702,1,Very accurate,2.198,2.198,2.103,1,Slightly accurate,NA,NA,NA,NA,NA,NA,NA,NA,NA,NA,1.734,1.734,1.742,1,Very accurate,NA,NA,NA,NA,NA,2.993,2.993,3.002,1,Slightly inaccurate,4.789,4.789,4.797,1,Very accurate,NA,NA,NA,NA,NA,2.239,2.239,2.247,1,Moderately accurate,NA,NA,NA,NA,NA,5.01,5.01,5.018,1,Very inaccurate,NA,NA,NA,NA,NA,19.088,19.088,19.097,1,Slightly inaccurate,NA,NA,NA,NA,NA,1.743,1.743,1.752,1,Moderately accurate,NA,NA,NA,NA,NA,NA,NA,NA,NA,NA,1.665,1.665,1.674,1,Slightly accurate,NA,NA,NA,NA,NA,1.518,1.518,1.526,1,Moderately accurate,1.437,1.437,1.445,1,Very accurate,NA,NA,NA,NA,NA,NA,NA,NA,NA,NA,1.308,1.308,1.315,1,Very inaccurate,NA,NA,NA,NA,NA,1.602,1.602,1.611,1,Slightly accurate,NA,NA,NA,NA,NA,1.749,1.749,1.756,1,Very inaccurate,1.352,1.352,1.361,1,Very accurate,NA,NA,NA,NA,NA,1.862,1.862,1.871,1,Very inaccurate,NA,NA,NA,NA,NA,NA,NA,NA,NA,NA,2.383,2.383,2.39,1,Moderately inaccurate,"king, hotel, gold, child, tree,",1,NA,NA,1,1,NA,1,NA,1,NA,NA,1,1,NA,1,NA,1,NA,1,NA,NA,1,1,NA,NA,1,1,NA,1,NA,1,NA,1,NA,1,NA,1,NA,1,NA,NA,1,NA,1,NA,1,1,NA,NA,1,NA,1,1,NA,1,NA,1,NA,1,NA,1,NA,NA,1,NA,1,1,NA,NA,1,NA,1,NA,1,1,NA,1,NA,NA,1
2023-03-23T02:01:40Z,121,I agree,dwylKhR6ikGzSj0VHRK6Ztvt,NA,NA,NA,NA,NA,2.54,2.54,2.585,1,Slightly inaccurate,0.306,1.923,1.971,2,Slightly accurate,NA,NA,NA,NA,NA,NA,NA,NA,NA,NA,1.822,1.822,1.865,1,Moderately accurate,NA,NA,NA,NA,NA,1.364,1.364,1.399,1,Very accurate,NA,NA,NA,NA,NA,1.053,1.053,1.086,1,Moderately accurate,0.803,0.803,0.952,1,Slightly accurate,NA,NA,NA,NA,NA,NA,NA,NA,NA,NA,1.268,1.268,1.201,1,Very accurate,NA,NA,NA,NA,NA,1.607,1.607,1.64,1,Slightly accurate,NA,NA,NA,NA,NA,1.494,1.494,1.406,1,Slightly inaccurate,NA,NA,NA,NA,NA,2.019,2.019,2.055,1,Slightly inaccurate,1.069,1.069,1.092,1,Moderately accurate,NA,NA,NA,NA,NA,NA,NA,NA,NA,NA,0.901,0.901,1.08,1,Moderately accurate,1.179,1.179,1.1,1,Slightly accurate,NA,NA,NA,NA,NA,1.22,1.22,1.254,1,Moderately accurate,NA,NA,NA,NA,NA,NA,NA,NA,NA,NA,1.798,1.798,1.83,1,Moderately inaccurate,NA,NA,NA,NA,NA,1.265,1.265,1.299,1,Very accurate,1.37,1.37,1.402,1,Very accurate,NA,NA,NA,NA,NA,1.104,1.104,1.134,1,Slightly accurate,NA,NA,NA,NA,NA,NA,NA,NA,NA,NA,1.502,1.502,1.533,1,Moderately inaccurate,NA,NA,NA,NA,NA,1.393,1.393,1.304,1,Moderately accurate,1.288,1.288,1.2,1,Moderately accurate,NA,NA,NA,NA,NA,1.091,1.091,1.002,1,Slightly accurate,NA,NA,NA,NA,NA,1.029,1.029,1.071,1,Very accurate,NA,NA,NA,NA,NA,NA,NA,NA,NA,NA,1.624,1.624,1.653,1,Slightly accurate,1.253,1.253,1.281,1,Very accurate,NA,NA,NA,NA,NA,1.959,1.959,1.982,1,Slightly accurate,NA,NA,NA,NA,NA,NA,NA,NA,NA,NA,1.258,1.258,1.281,1,Moderately accurate,NA,NA,NA,NA,NA,1.748,1.748,1.77,1,Moderately accurate,NA,NA,NA,NA,NA,1.291,1.291,1.201,1,Slightly inaccurate,NA,NA,NA,NA,NA,1.364,1.364,1.387,1,Slightly inaccurate,NA,NA,NA,NA,NA,1.093,1.093,1.003,1,Slightly accurate,1.504,1.504,1.651,1,Slightly inaccurate,NA,NA,NA,NA,NA,1.12,1.12,1.142,1,Very accurate,NA,NA,NA,NA,NA,NA,NA,NA,NA,NA,1.046,1.046,1.07,1,Very accurate,NA,NA,NA,NA,NA,1.368,1.885,1.807,2,Very inaccurate,NA,NA,NA,NA,NA,1.086,1.086,1,1,Slightly accurate,1.331,1.331,1.353,1,Moderately inaccurate,NA,NA,NA,NA,NA,NA,NA,NA,NA,NA,1.115,1.115,1.137,1,Moderately accurate,NA,NA,NA,NA,NA,1.39,1.39,1.305,1,Slightly accurate,3.907,3.907,4.08,1,Moderately inaccurate,NA,NA,NA,NA,NA,"School. Sky, money, ceiling, sea",NA,1,1,NA,NA,1,NA,1,NA,1,1,NA,NA,1,NA,1,NA,1,NA,1,1,NA,NA,1,1,NA,1,NA,NA,1,NA,1,1,NA,1,NA,NA,1,NA,1,1,NA,1,NA,1,NA,NA,1,1,NA,1,NA,NA,1,NA,1,NA,1,NA,1,NA,1,1,NA,1,NA,NA,1,NA,1,NA,1,1,NA,NA,1,NA,1,1,NA
2023-03-23T14:14:51Z,505,I agree,FBmEvDzTDFl5OvbyjGwi1Tz7,NA,NA,NA,NA,NA,4.829,5.422,5.434,2,Slightly accurate,NA,NA,NA,NA,NA,2.591,2.591,2.501,1,Very accurate,2.545,2.545,2.554,1,Moderately inaccurate,NA,NA,NA,NA,NA,4.042,4.042,4.052,1,Slightly accurate,NA,NA,NA,NA,NA,NA,NA,NA,NA,NA,2.692,3.388,3.398,2,Very accurate,1.954,1.954,1.966,1,Moderately accurate,NA,NA,NA,NA,NA,1.195,1.195,1.101,1,Moderately accurate,NA,NA,NA,NA,NA,1.835,1.835,1.845,1,Slightly accurate,NA,NA,NA,NA,NA,1.401,1.401,1.516,1,Moderately accurate,NA,NA,NA,NA,NA,NA,NA,NA,NA,NA,1.002,1.002,1.119,1,Moderately accurate,NA,NA,NA,NA,NA,9.698,9.698,9.601,1,Slightly accurate,2.154,2.154,2.164,1,Moderately accurate,NA,NA,NA,NA,NA,NA,NA,NA,NA,NA,1.808,1.808,1.818,1,Slightly accurate,NA,NA,NA,NA,NA,2.857,2.857,2.866,1,Very accurate,119.386,119.386,119.396,1,Very accurate,NA,NA,NA,NA,NA,2.083,2.083,2.092,1,Very accurate,NA,NA,NA,NA,NA,NA,NA,NA,NA,NA,1.439,1.439,1.452,1,Moderately accurate,NA,NA,NA,NA,NA,1.362,1.362,1.372,1,Moderately accurate,5.026,5.026,5.034,1,Moderately accurate,NA,NA,NA,NA,NA,1.234,1.234,1.243,1,Moderately accurate,NA,NA,NA,NA,NA,1.303,1.303,1.313,1,Moderately accurate,NA,NA,NA,NA,NA,NA,NA,NA,NA,NA,1.41,1.41,1.419,1,Very accurate,1.152,1.152,1.161,1,Moderately accurate,NA,NA,NA,NA,NA,NA,NA,NA,NA,NA,4.067,4.067,4.076,1,Moderately inaccurate,NA,NA,NA,NA,NA,2.294,2.294,2.303,1,Very accurate,2.643,2.643,2.651,1,Slightly inaccurate,NA,NA,NA,NA,NA,1.591,1.591,1.601,1,Moderately accurate,NA,NA,NA,NA,NA,NA,NA,NA,NA,NA,1.345,1.345,1.355,1,Moderately accurate,3.394,3.394,3.403,1,Slightly inaccurate,NA,NA,NA,NA,NA,2.818,2.818,2.828,1,Slightly accurate,NA,NA,NA,NA,NA,NA,NA,NA,NA,NA,1.604,2.355,2.364,2,Very accurate,NA,NA,NA,NA,NA,5.002,5.002,5.011,1,Moderately accurate,NA,NA,NA,NA,NA,33.092,33.092,33.101,1,Moderately inaccurate,1.765,1.765,1.774,1,Slightly accurate,NA,NA,NA,NA,NA,5.249,5.249,5.258,1,Moderately inaccurate,NA,NA,NA,NA,NA,3.388,3.388,3.397,1,Moderately accurate,NA,NA,NA,NA,NA,NA,NA,NA,NA,NA,5.954,5.954,5.965,1,Moderately inaccurate,NA,NA,NA,NA,NA,45.706,45.706,45.717,1,Slightly accurate,2.871,2.871,2.881,1,Moderately inaccurate,NA,NA,NA,NA,NA,NA,NA,NA,NA,NA,2.459,2.459,2.466,1,Moderately inaccurate,"corner, stone, valley, shoe",NA,1,NA,1,1,NA,1,NA,NA,1,1,NA,1,NA,1,NA,1,NA,NA,1,NA,1,1,NA,NA,1,NA,1,1,NA,1,NA,NA,1,NA,1,1,NA,1,NA,1,NA,NA,1,1,NA,NA,1,NA,1,1,NA,1,NA,NA,1,1,NA,1,NA,NA,1,NA,1,NA,1,1,NA,1,NA,1,NA,NA,1,NA,1,1,NA,NA,1
2023-03-23T15:57:59Z,224,I agree,oaSPlAYoiOoiLDFX5Uz6DJ96,5.41,5.41,5.473,1,Moderately inaccurate,NA,NA,NA,NA,NA,2.108,2.108,2.17,1,Moderately accurate,NA,NA,NA,NA,NA,NA,NA,NA,NA,NA,7.174,7.174,7.234,1,Slightly inaccurate,NA,NA,NA,NA,NA,1.659,1.659,1.722,1,Slightly inaccurate,1.508,1.508,1.57,1,Moderately inaccurate,NA,NA,NA,NA,NA,NA,NA,NA,NA,NA,1.262,1.262,1.324,1,Moderately accurate,NA,NA,NA,NA,NA,1.272,1.272,1.328,1,Moderately accurate,NA,NA,NA,NA,NA,3.292,3.292,3.348,1,Slightly accurate,NA,NA,NA,NA,NA,1.703,1.703,1.767,1,Slightly accurate,1.975,1.975,2.038,1,Slightly inaccurate,NA,NA,NA,NA,NA,5.459,5.459,5.517,1,Slightly inaccurate,NA,NA,NA,NA,NA,NA,NA,NA,NA,NA,1.943,1.943,2.003,1,Very accurate,NA,NA,NA,NA,NA,1.36,1.36,1.416,1,Slightly accurate,NA,NA,NA,NA,NA,1.399,1.399,1.455,1,Moderately accurate,3.441,3.441,3.501,1,Slightly accurate,NA,NA,NA,NA,NA,NA,NA,NA,NA,NA,3.704,3.704,3.765,1,Moderately accurate,NA,NA,NA,NA,NA,2.046,2.046,2.103,1,Moderately accurate,NA,NA,NA,NA,NA,2.533,2.533,2.595,1,Slightly accurate,NA,NA,NA,NA,NA,1.748,1.748,1.803,1,Slightly inaccurate,NA,NA,NA,NA,NA,1.87,1.87,1.932,1,Moderately accurate,NA,NA,NA,NA,NA,7.077,7.077,7.136,1,Slightly accurate,8.438,8.438,8.495,1,Slightly inaccurate,NA,NA,NA,NA,NA,NA,NA,NA,NA,NA,2.016,2.016,2.076,1,Very accurate,15.288,15.288,15.351,1,Slightly inaccurate,NA,NA,NA,NA,NA,2.107,2.107,2.169,1,Moderately accurate,NA,NA,NA,NA,NA,NA,NA,NA,NA,NA,3.265,3.265,3.327,1,Slightly accurate,NA,NA,NA,NA,NA,2.148,2.148,2.21,1,Moderately accurate,10.041,10.041,10,1,Slightly accurate,NA,NA,NA,NA,NA,NA,NA,NA,NA,NA,3.391,3.391,3.447,1,Slightly inaccurate,NA,NA,NA,NA,NA,9.019,9.019,9.082,1,Slightly inaccurate,1.995,1.995,2.049,1,Slightly inaccurate,NA,NA,NA,NA,NA,3.574,3.574,3.632,1,Slightly inaccurate,NA,NA,NA,NA,NA,5.098,5.098,5.155,1,Slightly inaccurate,NA,NA,NA,NA,NA,2.018,2.018,2.077,1,Slightly accurate,NA,NA,NA,NA,NA,NA,NA,NA,NA,NA,1.781,1.781,1.839,1,Very inaccurate,NA,NA,NA,NA,NA,2.124,2.124,2.187,1,Slightly accurate,3.452,3.452,3.511,1,Very inaccurate,NA,NA,NA,NA,NA,6.947,6.947,7.009,1,Slightly accurate,NA,NA,NA,NA,NA,NA,NA,NA,NA,NA,2.076,2.076,2.138,1,Moderately inaccurate,3.342,3.342,3.399,1,Moderately inaccurate,NA,NA,NA,NA,NA,"wife, sky, home, ocean",1,NA,1,NA,NA,1,NA,1,1,NA,NA,1,NA,1,NA,1,NA,1,1,NA,1,NA,NA,1,NA,1,NA,1,1,NA,NA,1,NA,1,NA,1,NA,1,NA,1,NA,1,1,NA,NA,1,1,NA,1,NA,NA,1,NA,1,1,NA,NA,1,NA,1,1,NA,1,NA,1,NA,1,NA,NA,1,NA,1,1,NA,1,NA,NA,1,1,NA
2023-03-24T02:05:26Z,322,I agree,CWuQNoatVn1EfZ9BpNBTuELY,4.281,4.281,4.288,1,Very inaccurate,NA,NA,NA,NA,NA,NA,NA,NA,NA,NA,2.965,2.965,2.972,1,Slightly accurate,3.782,3.782,3.788,1,Slightly inaccurate,NA,NA,NA,NA,NA,NA,NA,NA,NA,NA,3.039,3.039,3.045,1,Slightly accurate,NA,NA,NA,NA,NA,2.24,2.24,2.247,1,Moderately accurate,NA,NA,NA,NA,NA,5.29,5.29,5.297,1,Slightly inaccurate,NA,NA,NA,NA,NA,2.043,2.043,2.049,1,Very inaccurate,1.925,1.925,1.931,1,Slightly accurate,NA,NA,NA,NA,NA,1.995,1.995,2.001,1,Moderately accurate,NA,NA,NA,NA,NA,NA,NA,NA,NA,NA,2.586,2.586,2.592,1,Moderately accurate,NA,NA,NA,NA,NA,5.38,5.38,5.386,1,Very inaccurate,3.008,3.008,3.014,1,Slightly inaccurate,NA,NA,NA,NA,NA,2.525,2.525,2.531,1,Slightly accurate,NA,NA,NA,NA,NA,2.579,2.579,2.586,1,Moderately accurate,NA,NA,NA,NA,NA,NA,NA,NA,NA,NA,3.219,3.219,3.226,1,Moderately accurate,2.443,2.443,2.449,1,Very accurate,NA,NA,NA,NA,NA,3.138,3.138,3.144,1,Slightly accurate,NA,NA,NA,NA,NA,2.12,2.12,2.126,1,Moderately accurate,NA,NA,NA,NA,NA,NA,NA,NA,NA,NA,1.965,1.965,1.971,1,Very accurate,1.587,1.587,1.594,1,Very accurate,NA,NA,NA,NA,NA,1.879,1.879,1.885,1,Moderately accurate,NA,NA,NA,NA,NA,1.722,1.722,1.728,1,Very accurate,NA,NA,NA,NA,NA,2.515,2.515,2.521,1,Slightly accurate,NA,NA,NA,NA,NA,3.816,3.816,3.822,1,Very inaccurate,NA,NA,NA,NA,NA,10.972,10.972,10.979,1,Slightly accurate,NA,NA,NA,NA,NA,NA,NA,NA,NA,NA,3.884,3.884,3.891,1,Slightly accurate,NA,NA,NA,NA,NA,2.703,2.703,2.71,1,Moderately inaccurate,NA,NA,NA,NA,NA,2.817,2.817,2.822,1,Slightly accurate,NA,NA,NA,NA,NA,3.001,3.001,3.008,1,Moderately inaccurate,NA,NA,NA,NA,NA,2.174,2.174,2.181,1,Very accurate,NA,NA,NA,NA,NA,1.866,1.866,1.873,1,Moderately accurate,3.285,3.285,3.291,1,Moderately accurate,NA,NA,NA,NA,NA,2.453,2.453,2.459,1,Slightly inaccurate,NA,NA,NA,NA,NA,NA,NA,NA,NA,NA,1.918,1.918,1.925,1,Very accurate,3.517,3.517,3.523,1,Moderately accurate,NA,NA,NA,NA,NA,3.351,3.351,3.358,1,Slightly inaccurate,NA,NA,NA,NA,NA,NA,NA,NA,NA,NA,1.894,1.894,1.9,1,Very inaccurate,3.131,3.131,3.137,1,Moderately accurate,NA,NA,NA,NA,NA,1.88,1.88,1.886,1,Moderately accurate,NA,NA,NA,NA,NA,NA,NA,NA,NA,NA,1.859,1.859,1.865,1,Very inaccurate,"king, ring, hotel, river, paper, tree,",1,NA,NA,1,1,NA,NA,1,NA,1,NA,1,NA,1,1,NA,1,NA,NA,1,NA,1,1,NA,1,NA,1,NA,NA,1,1,NA,1,NA,1,NA,NA,1,1,NA,1,NA,1,NA,1,NA,1,NA,1,NA,NA,1,NA,1,NA,1,NA,1,NA,1,NA,1,1,NA,1,NA,NA,1,1,NA,1,NA,NA,1,1,NA,1,NA,NA,1
2023-03-26T01:43:33Z,130,I agree,l8W10LhYqvsrdR2YHQzzxBhA,NA,NA,NA,NA,NA,3.802,3.802,3.866,1,Slightly inaccurate,2.447,2.447,2.506,1,Slightly accurate,NA,NA,NA,NA,NA,NA,NA,NA,NA,NA,1.31,1.31,1.373,1,Very inaccurate,1.401,1.401,1.465,1,Very inaccurate,NA,NA,NA,NA,NA,2.011,2.011,2.075,1,Moderately accurate,NA,NA,NA,NA,NA,1.025,1.025,1.081,1,Moderately accurate,NA,NA,NA,NA,NA,1.272,1.272,1.334,1,Moderately accurate,NA,NA,NA,NA,NA,NA,NA,NA,NA,NA,1.923,1.923,1.986,1,Slightly accurate,NA,NA,NA,NA,NA,1.357,1.357,1.421,1,Moderately accurate,1.371,1.371,1.434,1,Moderately accurate,NA,NA,NA,NA,NA,1.375,1.375,1.428,1,Very accurate,NA,NA,NA,NA,NA,NA,NA,NA,NA,NA,1.174,1.174,1.233,1,Very accurate,NA,NA,NA,NA,NA,1.655,1.655,1.718,1,Slightly accurate,1.188,1.188,1.245,1,Moderately accurate,NA,NA,NA,NA,NA,1.278,1.278,1.336,1,Moderately accurate,NA,NA,NA,NA,NA,NA,NA,NA,NA,NA,1.437,1.437,1.498,1,Moderately accurate,NA,NA,NA,NA,NA,1.85,1.85,1.905,1,Moderately accurate,NA,NA,NA,NA,NA,1.159,1.159,1.217,1,Very accurate,1.456,1.456,1.514,1,Very accurate,NA,NA,NA,NA,NA,NA,NA,NA,NA,NA,1.086,1.086,1.149,1,Very accurate,NA,NA,NA,NA,NA,1.308,1.308,1.366,1,Very accurate,NA,NA,NA,NA,NA,1.521,1.521,1.578,1,Slightly accurate,NA,NA,NA,NA,NA,1.343,1.343,1.399,1,Moderately accurate,NA,NA,NA,NA,NA,2.561,2.561,2.624,1,Moderately inaccurate,NA,NA,NA,NA,NA,1.854,1.854,1.911,1,Slightly accurate,1.709,1.709,1.773,1,Slightly inaccurate,NA,NA,NA,NA,NA,1.144,1.144,1.199,1,Slightly accurate,NA,NA,NA,NA,NA,1.324,1.324,1.385,1,Slightly accurate,NA,NA,NA,NA,NA,1.652,1.652,1.71,1,Moderately inaccurate,NA,NA,NA,NA,NA,1.952,1.952,2.015,1,Moderately accurate,NA,NA,NA,NA,NA,1.149,1.149,1.212,1,Moderately accurate,NA,NA,NA,NA,NA,NA,NA,NA,NA,NA,2.257,2.257,2.312,1,Moderately accurate,NA,NA,NA,NA,NA,6.301,6.301,6.359,1,Very accurate,0.952,0.952,1.01,1,Very accurate,NA,NA,NA,NA,NA,NA,NA,NA,NA,NA,1.723,1.723,1.786,1,Moderately inaccurate,1.351,1.351,1.413,1,Very accurate,NA,NA,NA,NA,NA,1.587,1.587,1.653,1,Moderately inaccurate,NA,NA,NA,NA,NA,NA,NA,NA,NA,NA,1.89,1.89,1.95,1,Moderately inaccurate,NA,NA,NA,NA,NA,1.756,1.756,1.814,1,Moderately inaccurate,1.442,1.442,1.492,1,Moderately inaccurate,NA,NA,NA,NA,NA,"Water, Fire, Doctor, Table, Garden",NA,1,1,NA,NA,1,1,NA,1,NA,1,NA,1,NA,NA,1,NA,1,1,NA,1,NA,NA,1,NA,1,1,NA,1,NA,NA,1,NA,1,NA,1,1,NA,NA,1,NA,1,NA,1,NA,1,NA,1,NA,1,1,NA,1,NA,1,NA,1,NA,1,NA,1,NA,NA,1,NA,1,1,NA,NA,1,1,NA,1,NA,NA,1,NA,1,1,NA
2023-03-26T15:37:07Z,152,I agree,HRRnrr8OqvmklTMEvaIXixhT,NA,NA,NA,NA,NA,3.555,3.555,3.564,1,Slightly accurate,2.335,2.335,2.344,1,Very accurate,NA,NA,NA,NA,NA,2.337,2.337,2.345,1,Moderately inaccurate,NA,NA,NA,NA,NA,NA,NA,NA,NA,NA,2.267,2.267,2.276,1,Very inaccurate,NA,NA,NA,NA,NA,3.03,3.03,3.039,1,Slightly accurate,1.741,1.741,1.749,1,Very accurate,NA,NA,NA,NA,NA,1.264,1.264,1.273,1,Very accurate,NA,NA,NA,NA,NA,NA,NA,NA,NA,NA,2.396,2.396,2.403,1,Moderately inaccurate,2.24,2.24,2.248,1,Very accurate,NA,NA,NA,NA,NA,1.623,1.623,1.63,1,Moderately accurate,NA,NA,NA,NA,NA,2.334,2.334,2.342,1,Very inaccurate,NA,NA,NA,NA,NA,NA,NA,NA,NA,NA,1.715,1.715,1.723,1,Very accurate,2.172,2.172,2.18,1,Moderately inaccurate,NA,NA,NA,NA,NA,NA,NA,NA,NA,NA,1.725,1.725,1.734,1,Moderately accurate,NA,NA,NA,NA,NA,1.7,1.7,1.708,1,Very accurate,1.463,1.463,1.471,1,Moderately accurate,NA,NA,NA,NA,NA,1.662,1.662,1.67,1,Very accurate,NA,NA,NA,NA,NA,2.604,2.604,2.612,1,Very accurate,NA,NA,NA,NA,NA,NA,NA,NA,NA,NA,1.639,1.639,1.648,1,Moderately accurate,NA,NA,NA,NA,NA,1.611,1.611,1.62,1,Very accurate,NA,NA,NA,NA,NA,2.015,2.015,2.024,1,Very accurate,NA,NA,NA,NA,NA,1.598,1.598,1.606,1,Moderately accurate,1.538,1.538,1.548,1,Very accurate,NA,NA,NA,NA,NA,1.994,1.994,2.003,1,Very inaccurate,NA,NA,NA,NA,NA,NA,NA,NA,NA,NA,1.765,1.765,1.772,1,Very accurate,NA,NA,NA,NA,NA,2.784,2.784,2.793,1,Moderately inaccurate,NA,NA,NA,NA,NA,1.727,1.727,1.736,1,Very accurate,NA,NA,NA,NA,NA,3.13,3.13,3.137,1,Moderately accurate,3.137,3.137,3.145,1,Moderately accurate,NA,NA,NA,NA,NA,NA,NA,NA,NA,NA,2.34,2.34,2.349,1,Slightly inaccurate,NA,NA,NA,NA,NA,2.386,2.386,2.394,1,Moderately accurate,NA,NA,NA,NA,NA,2.917,2.917,2.925,1,Very accurate,NA,NA,NA,NA,NA,3.489,3.489,3.497,1,Moderately accurate,NA,NA,NA,NA,NA,2.346,2.346,2.354,1,Slightly accurate,2.792,2.792,2.8,1,Very inaccurate,NA,NA,NA,NA,NA,NA,NA,NA,NA,NA,6.198,6.198,6.101,1,Moderately accurate,NA,NA,NA,NA,NA,2.02,2.02,2.028,1,Very inaccurate,4.37,4.37,4.379,1,Slightly inaccurate,NA,NA,NA,NA,NA,NA,NA,NA,NA,NA,1.964,1.964,1.973,1,Very inaccurate,NA,NA,NA,NA,NA,1.291,1.291,1.299,1,Very inaccurate,"river, book",NA,1,1,NA,1,NA,NA,1,NA,1,1,NA,1,NA,NA,1,1,NA,1,NA,1,NA,NA,1,1,NA,NA,1,NA,1,1,NA,1,NA,1,NA,NA,1,NA,1,NA,1,NA,1,1,NA,1,NA,NA,1,NA,1,NA,1,NA,1,1,NA,NA,1,NA,1,NA,1,NA,1,NA,1,1,NA,NA,1,NA,1,1,NA,NA,1,NA,1
