start_date,duration_in_seconds,consent,proid,t_outgoing_b_3_first_click,t_outgoing_b_3_last_click,t_outgoing_b_3_page_submit,t_outgoing_b_3_click_count,outgoing_b_3,t_outgoing_b_3i_first_click,t_outgoing_b_3i_last_click,t_outgoing_b_3i_page_submit,t_outgoing_b_3i_click_count,outgoing_b_3i,t_helpful_b_3_first_click,t_helpful_b_3_last_click,t_helpful_b_3_page_submit,t_helpful_b_3_click_count,helpful_b_3,t_helpful_b_3i_first_click,t_helpful_b_3i_last_click,t_helpful_b_3i_page_submit,t_helpful_b_3i_click_count,helpful_b_3i,t_reckless_b_3_first_click,t_reckless_b_3_last_click,t_reckless_b_3_page_submit,t_reckless_b_3_click_count,reckless_b_3,t_reckless_b_3i_first_click,t_reckless_b_3i_last_click,t_reckless_b_3i_page_submit,t_reckless_b_3i_click_count,reckless_b_3i,t_moody_b_3_first_click,t_moody_b_3_last_click,t_moody_b_3_page_submit,t_moody_b_3_click_count,moody_b_3,t_moody_b_3i_first_click,t_moody_b_3i_last_click,t_moody_b_3i_page_submit,t_moody_b_3i_click_count,moody_b_3i,t_organized_b_3_first_click,t_organized_b_3_last_click,t_organized_b_3_page_submit,t_organized_b_3_click_count,organized_b_3,t_organized_b_3i_first_click,t_organized_b_3i_last_click,t_organized_b_3i_page_submit,t_organized_b_3i_click_count,organized_b_3i,t_friendly_b_3_first_click,t_friendly_b_3_last_click,t_friendly_b_3_page_submit,t_friendly_b_3_click_count,friendly_b_3,t_friendly_b_3i_first_click,t_friendly_b_3i_last_click,t_friendly_b_3i_page_submit,t_friendly_b_3i_click_count,friendly_b_3i,t_warm_b_3_first_click,t_warm_b_3_last_click,t_warm_b_3_page_submit,t_warm_b_3_click_count,warm_b_3,t_warm_b_3i_first_click,t_warm_b_3i_last_click,t_warm_b_3i_page_submit,t_warm_b_3i_click_count,warm_b_3i,t_worrying_b_3_first_click,t_worrying_b_3_last_click,t_worrying_b_3_page_submit,t_worrying_b_3_click_count,worrying_b_3,t_worrying_b_3i_first_click,t_worrying_b_3i_last_click,t_worrying_b_3i_page_submit,t_worrying_b_3i_click_count,worrying_b_3i,t_responsible_b_3_first_click,t_responsible_b_3_last_click,t_responsible_b_3_page_submit,t_responsible_b_3_click_count,responsible_b_3,t_responsible_b_3i_first_click,t_responsible_b_3i_last_click,t_responsible_b_3i_page_submit,t_responsible_b_3i_click_count,responsible_b_3i,t_lively_b_3_first_click,t_lively_b_3_last_click,t_lively_b_3_page_submit,t_lively_b_3_click_count,lively_b_3,t_lively_b_3i_first_click,t_lively_b_3i_last_click,t_lively_b_3i_page_submit,t_lively_b_3i_click_count,lively_b_3i,t_asleep_b_3_first_click,t_asleep_b_3_last_click,t_asleep_b_3_page_submit,t_asleep_b_3_click_count,asleep_b_3,t_asleep_b_3i_first_click,t_asleep_b_3i_last_click,t_asleep_b_3i_page_submit,t_asleep_b_3i_click_count,asleep_b_3i,t_caring_b_3_first_click,t_caring_b_3_last_click,t_caring_b_3_page_submit,t_caring_b_3_click_count,caring_b_3,t_caring_b_3i_first_click,t_caring_b_3i_last_click,t_caring_b_3i_page_submit,t_caring_b_3i_click_count,caring_b_3i,t_nervous_b_3_first_click,t_nervous_b_3_last_click,t_nervous_b_3_page_submit,t_nervous_b_3_click_count,nervous_b_3,t_nervous_b_3i_first_click,t_nervous_b_3i_last_click,t_nervous_b_3i_page_submit,t_nervous_b_3i_click_count,nervous_b_3i,t_creative_b_3_first_click,t_creative_b_3_last_click,t_creative_b_3_page_submit,t_creative_b_3_click_count,creative_b_3,t_creative_b_3i_first_click,t_creative_b_3i_last_click,t_creative_b_3i_page_submit,t_creative_b_3i_click_count,creative_b_3i,t_hardworking_b_3_first_click,t_hardworking_b_3_last_click,t_hardworking_b_3_page_submit,t_hardworking_b_3_click_count,hardworking_b_3,t_hardworking_b_3i_first_click,t_hardworking_b_3i_last_click,t_hardworking_b_3i_page_submit,t_hardworking_b_3i_click_count,hardworking_b_3i,t_imaginative_b_3_first_click,t_imaginative_b_3_last_click,t_imaginative_b_3_page_submit,t_imaginative_b_3_click_count,imaginative_b_3,t_imaginative_b_3i_first_click,t_imaginative_b_3i_last_click,t_imaginative_b_3i_page_submit,t_imaginative_b_3i_click_count,imaginative_b_3i,t_softhearted_b_3_first_click,t_softhearted_b_3_last_click,t_softhearted_b_3_page_submit,t_softhearted_b_3_click_count,softhearted_b_3,t_softhearted_b_3i_first_click,t_softhearted_b_3i_last_click,t_softhearted_b_3i_page_submit,t_softhearted_b_3i_click_count,softhearted_b_3i,t_calm_b_3_first_click,t_calm_b_3_last_click,t_calm_b_3_page_submit,t_calm_b_3_click_count,calm_b_3,t_calm_b_3i_first_click,t_calm_b_3i_last_click,t_calm_b_3i_page_submit,t_calm_b_3i_click_count,calm_b_3i,t_self_disciplind_b_3_first_click,t_self_disciplind_b_3_last_click,t_self_disciplind_b_3_page_submit,t_self_disciplind_b_3_click_count,self_disciplind_b_3,t_self_disciplind_b_3i_first_click,t_self_disciplind_b_3i_last_click,t_self_disciplind_b_3i_page_submit,t_self_disciplind_b_3i_click_count,self_disciplind_b_3i,t_intelligent_b_3_first_click,t_intelligent_b_3_last_click,t_intelligent_b_3_page_submit,t_intelligent_b_3_click_count,intelligent_b_3,t_intelligent_b_3i_first_click,t_intelligent_b_3i_last_click,t_intelligent_b_3i_page_submit,t_intelligent_b_3i_click_count,intelligent_b_3i,t_curious_b_3_first_click,t_curious_b_3_last_click,t_curious_b_3_page_submit,t_curious_b_3_click_count,curious_b_3,t_curious_b_3i_first_click,t_curious_b_3i_last_click,t_curious_b_3i_page_submit,t_curious_b_3i_click_count,curious_b_3i,t_active_b_3_first_click,t_active_b_3_last_click,t_active_b_3_page_submit,t_active_b_3_click_count,active_b_3,t_active_b_3i_first_click,t_active_b_3i_last_click,t_active_b_3i_page_submit,t_active_b_3i_click_count,active_b_3i,t_human_b_3_first_click,t_human_b_3_last_click,t_human_b_3_page_submit,t_human_b_3_click_count,human_b_3,t_human_b_3i_first_click,t_human_b_3i_last_click,t_human_b_3i_page_submit,t_human_b_3i_click_count,human_b_3i,t_careless_b_3_first_click,t_careless_b_3_last_click,t_careless_b_3_page_submit,t_careless_b_3_click_count,careless_b_3,t_careless_b_3i_first_click,t_careless_b_3i_last_click,t_careless_b_3i_page_submit,t_careless_b_3i_click_count,careless_b_3i,t_broad_minded_b_3_first_click,t_broad_minded_b_3_last_click,t_broad_minded_b_3_page_submit,t_broad_minded_b_3_click_count,broad_minded_b_3,t_broad_minded_b_3i_first_click,t_broad_minded_b_3i_last_click,t_broad_minded_b_3i_page_submit,t_broad_minded_b_3i_click_count,broad_minded_b_3i,t_impulsive_b_3_first_click,t_impulsive_b_3_last_click,t_impulsive_b_3_page_submit,t_impulsive_b_3_click_count,impulsive_b_3,t_impulsive_b_3i_first_click,t_impulsive_b_3i_last_click,t_impulsive_b_3i_page_submit,t_impulsive_b_3i_click_count,impulsive_b_3i,t_sympathetic_b_3_first_click,t_sympathetic_b_3_last_click,t_sympathetic_b_3_page_submit,t_sympathetic_b_3_click_count,sympathetic_b_3,t_sympathetic_b_3i_first_click,t_sympathetic_b_3i_last_click,t_sympathetic_b_3i_page_submit,t_sympathetic_b_3i_click_count,sympathetic_b_3i,t_cautious_b_3_first_click,t_cautious_b_3_last_click,t_cautious_b_3_page_submit,t_cautious_b_3_click_count,cautious_b_3,t_cautious_b_3i_first_click,t_cautious_b_3i_last_click,t_cautious_b_3i_page_submit,t_cautious_b_3i_click_count,cautious_b_3i,t_talkative_b_3_first_click,t_talkative_b_3_last_click,t_talkative_b_3_page_submit,t_talkative_b_3_click_count,talkative_b_3,t_talkative_b_3i_first_click,t_talkative_b_3i_last_click,t_talkative_b_3i_page_submit,t_talkative_b_3i_click_count,talkative_b_3i,t_sophisticated_b_3_first_click,t_sophisticated_b_3_last_click,t_sophisticated_b_3_page_submit,t_sophisticated_b_3_click_count,sophisticated_b_3,t_sophisticated_b_3i_first_click,t_sophisticated_b_3i_last_click,t_sophisticated_b_3i_page_submit,t_sophisticated_b_3i_click_count,sophisticated_b_3i,t_adventurous_b_3_first_click,t_adventurous_b_3_last_click,t_adventurous_b_3_page_submit,t_adventurous_b_3_click_count,adventurous_b_3,t_adventurous_b_3i_first_click,t_adventurous_b_3i_last_click,t_adventurous_b_3i_page_submit,t_adventurous_b_3i_click_count,adventurous_b_3i,t_thorough_b_3_first_click,t_thorough_b_3_last_click,t_thorough_b_3_page_submit,t_thorough_b_3_click_count,thorough_b_3,t_thorough_b_3i_first_click,t_thorough_b_3i_last_click,t_thorough_b_3i_page_submit,t_thorough_b_3i_click_count,thorough_b_3i,t_thrifty_b_3_first_click,t_thrifty_b_3_last_click,t_thrifty_b_3_page_submit,t_thrifty_b_3_click_count,thrifty_b_3,t_thrifty_b_3i_first_click,t_thrifty_b_3i_last_click,t_thrifty_b_3i_page_submit,t_thrifty_b_3i_click_count,thrifty_b_3i,t_quiet_b_3_first_click,t_quiet_b_3_last_click,t_quiet_b_3_page_submit,t_quiet_b_3_click_count,quiet_b_3,t_quiet_b_3i_first_click,t_quiet_b_3i_last_click,t_quiet_b_3i_page_submit,t_quiet_b_3i_click_count,quiet_b_3i,t_unsympathetic_b_3_first_click,t_unsympathetic_b_3_last_click,t_unsympathetic_b_3_page_submit,t_unsympathetic_b_3_click_count,unsympathetic_b_3,t_unsympathetic_b_3i_first_click,t_unsympathetic_b_3i_last_click,t_unsympathetic_b_3i_page_submit,t_unsympathetic_b_3i_click_count,unsympathetic_b_3i,t_relaxed_b_3_first_click,t_relaxed_b_3_last_click,t_relaxed_b_3_page_submit,t_relaxed_b_3_click_count,relaxed_b_3,t_relaxed_b_3i_first_click,t_relaxed_b_3i_last_click,t_relaxed_b_3i_page_submit,t_relaxed_b_3i_click_count,relaxed_b_3i,t_uncreative_b_3_first_click,t_uncreative_b_3_last_click,t_uncreative_b_3_page_submit,t_uncreative_b_3_click_count,uncreative_b_3,t_uncreative_b_3i_first_click,t_uncreative_b_3i_last_click,t_uncreative_b_3i_page_submit,t_uncreative_b_3i_click_count,uncreative_b_3i,t_shy_b_3_first_click,t_shy_b_3_last_click,t_shy_b_3_page_submit,t_shy_b_3_click_count,shy_b_3,t_shy_b_3i_first_click,t_shy_b_3i_last_click,t_shy_b_3i_page_submit,t_shy_b_3i_click_count,shy_b_3i,t_cold_b_3_first_click,t_cold_b_3_last_click,t_cold_b_3_page_submit,t_cold_b_3_click_count,cold_b_3,t_cold_b_3i_first_click,t_cold_b_3i_last_click,t_cold_b_3i_page_submit,t_cold_b_3i_click_count,cold_b_3i,t_unintellectual_b_3_first_click,t_unintellectual_b_3_last_click,t_unintellectual_b_3_page_submit,t_unintellectual_b_3_click_count,unintellectual_b_3,t_unintellectual_b_3i_first_click,t_unintellectual_b_3i_last_click,t_unintellectual_b_3i_page_submit,t_unintellectual_b_3i_click_count,unintellectual_b_3i,very_delayed_recall,fl_242_do_outgoing2,fl_242_do_outgoing2i,fl_42_do_helpful2,fl_42_do_helpful2i,fl_43_do_reckless2,fl_43_do_reckless2i,fl_44_do_moody2,fl_44_do_moody2i,fl_45_do_organized2,fl_45_do_organized2i,fl_46_do_friendly2,fl_46_do_friendly2i,fl_55_do_warm2,fl_55_do_warm2i,fl_60_do_worrying2,fl_60_do_worrying2i,fl_73_do_responsible2,fl_73_do_responsible2i,fl_74_do_lively2,fl_74_do_lively2i,fl_75_do_asleep2,fl_75_do_asleep2i,fl_84_do_caring2,fl_84_do_caring2i,fl_85_do_nervous2,fl_85_do_nervous2i,fl_98_do_creative2,fl_98_do_creative2i,fl_99_do_hardworking2,fl_99_do_hardworking2i,fl_100_do_imaginative2,fl_100_do_imaginative2i,fl_113_do_softhearted2,fl_113_do_softhearted2i,fl_114_do_calm2,fl_114_do_calm2i,fl_115_do_self_disciplined2,fl_115_do_self_disciplined2i,fl_128_do_intelligent2,fl_128_do_intelligent2i,fl_129_do_curious2,fl_129_do_curious2i,fl_130_do_active2,fl_130_do_active2i,fl_158_do_human2,fl_158_do_human2i,fl_159_do_careless2,fl_159_do_careless2i,fl_160_do_broad_minded2,fl_160_do_broad_minded2i,fl_177_do_impulsive2,fl_177_do_impulsive2i,fl_178_do_sympathetic2,fl_178_do_sympathetic2i,fl_179_do_cautious2,fl_179_do_cautious2i,fl_180_do_talkative2,fl_180_do_talkative2i,fl_193_do_sophisticated2,fl_193_do_sophisticated2i,fl_194_do_adventurous2,fl_194_do_adventurous2i,fl_195_do_thorough2,fl_195_do_thorough2i,fl_200_do_thrifty2,fl_200_do_thrifty2i,fl_260_do_quiet2,fl_260_do_quiet2i,fl_261_do_unsympathetic2,fl_261_do_unsympathetic2i,fl_262_do_relaxed2,fl_262_do_relaxed2i,fl_263_do_uncreative2,fl_263_do_uncreative2i,fl_259_do_shy2,fl_259_do_shy2i,fl_258_do_cold2,fl_258_do_cold2i,fl_257_do_unintellectual2,fl_257_do_unintellectual2i
2023-03-21T18:48:19Z,287,I agree,WUgT9S67SByMIVTRI29z6PEP,2.837,2.837,2.842,1,Very inaccurate,NA,NA,NA,NA,NA,NA,NA,NA,NA,NA,5.555,5.555,5.56,1,Very accurate,NA,NA,NA,NA,NA,1.536,1.536,1.541,1,Very inaccurate,NA,NA,NA,NA,NA,15.279,15.279,15.284,1,Very inaccurate,9.77,9.77,9.775,1,Very accurate,NA,NA,NA,NA,NA,1.526,1.526,1.531,1,Moderately accurate,NA,NA,NA,NA,NA,1.181,1.181,1.185,1,Moderately accurate,NA,NA,NA,NA,NA,11.631,11.631,11.636,1,Very inaccurate,NA,NA,NA,NA,NA,5.913,5.913,5.918,1,Moderately accurate,NA,NA,NA,NA,NA,4.342,4.342,4.347,1,Slightly accurate,NA,NA,NA,NA,NA,1.481,1.481,1.486,1,Very inaccurate,NA,NA,NA,NA,NA,3.726,3.726,3.731,1,Moderately accurate,NA,NA,NA,NA,NA,3.683,3.683,3.688,1,Moderately inaccurate,NA,NA,NA,NA,NA,1.501,1.501,1.61,1,Very accurate,NA,NA,NA,NA,NA,NA,NA,NA,NA,NA,2.87,2.87,2.875,1,Moderately accurate,NA,NA,NA,NA,NA,1.276,1.276,1.282,1,Very accurate,3.008,3.008,3.012,1,Moderately accurate,NA,NA,NA,NA,NA,NA,NA,NA,NA,NA,1.46,1.46,1.464,1,Very accurate,NA,NA,NA,NA,NA,2.366,2.366,2.371,1,Very accurate,1.403,1.403,1.408,1,Very accurate,NA,NA,NA,NA,NA,1.474,1.474,1.478,1,Very accurate,NA,NA,NA,NA,NA,4.295,4.295,4.3,1,Moderately accurate,NA,NA,NA,NA,NA,NA,NA,NA,NA,NA,2.966,2.966,2.971,1,Very accurate,1.949,1.949,1.954,1,Very inaccurate,NA,NA,NA,NA,NA,2.157,2.157,2.162,1,Very accurate,NA,NA,NA,NA,NA,4.439,4.439,4.444,1,Moderately inaccurate,NA,NA,NA,NA,NA,3.22,3.22,3.225,1,Moderately accurate,NA,NA,NA,NA,NA,3.147,3.147,3.152,1,Very accurate,NA,NA,NA,NA,NA,1.551,1.551,1.556,1,Very inaccurate,NA,NA,NA,NA,NA,4.926,4.926,4.931,1,Slightly accurate,NA,NA,NA,NA,NA,2.452,2.452,2.458,1,Very accurate,NA,NA,NA,NA,NA,NA,NA,NA,NA,NA,2.501,2.501,2.62,1,Very accurate,NA,NA,NA,NA,NA,3.252,3.252,3.258,1,Very inaccurate,NA,NA,NA,NA,NA,4.575,4.575,4.581,1,Very accurate,NA,NA,NA,NA,NA,2.529,2.529,2.533,1,Moderately inaccurate,3.561,3.561,3.565,1,Moderately accurate,NA,NA,NA,NA,NA,NA,NA,NA,NA,NA,1.924,1.924,1.928,1,Very inaccurate,4.575,4.575,4.579,1,Moderately accurate,NA,NA,NA,NA,NA,NA,NA,NA,NA,NA,3.873,3.873,3.878,1,Very inaccurate,1.73,1.73,1.734,1,Very inaccurate,NA,NA,NA,NA,NA,table,1,NA,NA,1,NA,1,NA,1,1,NA,1,NA,1,NA,1,NA,1,NA,1,NA,1,NA,1,NA,1,NA,1,NA,NA,1,NA,1,1,NA,NA,1,NA,1,1,NA,1,NA,1,NA,NA,1,1,NA,1,NA,1,NA,1,NA,1,NA,1,NA,1,NA,1,NA,NA,1,NA,1,NA,1,NA,1,1,NA,NA,1,1,NA,NA,1,1,NA
2023-03-21T18:52:57Z,91,I agree,5uiNrHqu6mTH4bBmtS6tG1GE,1.61,1.61,1.673,1,Slightly accurate,NA,NA,NA,NA,NA,NA,NA,NA,NA,NA,0.601,0.601,0.768,1,Slightly accurate,1.153,1.153,1.199,1,Slightly accurate,NA,NA,NA,NA,NA,NA,NA,NA,NA,NA,0.683,0.683,0.607,1,Slightly accurate,0.549,0.549,0.503,1,Slightly accurate,NA,NA,NA,NA,NA,NA,NA,NA,NA,NA,0.583,0.583,0.506,1,Slightly accurate,NA,NA,NA,NA,NA,0.526,0.526,0.578,1,Moderately accurate,NA,NA,NA,NA,NA,1.404,1.404,1.464,1,Moderately accurate,0.944,0.944,0.982,1,Moderately accurate,NA,NA,NA,NA,NA,NA,NA,NA,NA,NA,0.832,0.832,0.852,1,Slightly accurate,NA,NA,NA,NA,NA,1.026,1.026,1.062,1,Slightly inaccurate,NA,NA,NA,NA,NA,0.984,0.984,1.005,1,Moderately accurate,0.78,0.78,0.799,1,Very accurate,NA,NA,NA,NA,NA,NA,NA,NA,NA,NA,0.617,0.617,0.659,1,Very accurate,1.155,1.155,1.103,1,Moderately accurate,NA,NA,NA,NA,NA,0.904,0.904,0.931,1,Slightly accurate,NA,NA,NA,NA,NA,0.663,0.663,0.604,1,Moderately accurate,NA,NA,NA,NA,NA,0.384,0.384,0.304,1,Slightly accurate,NA,NA,NA,NA,NA,NA,NA,NA,NA,NA,0.518,0.518,0.576,1,Slightly accurate,0.589,0.589,0.504,1,Slightly accurate,NA,NA,NA,NA,NA,0.421,0.421,0.477,1,Slightly accurate,NA,NA,NA,NA,NA,NA,NA,NA,NA,NA,0.632,0.632,0.656,1,Slightly accurate,NA,NA,NA,NA,NA,0.448,0.448,0.402,1,Slightly accurate,NA,NA,NA,NA,NA,1.046,1.046,1.106,1,Slightly accurate,0.72,0.72,0.757,1,Slightly accurate,NA,NA,NA,NA,NA,0.881,0.881,0.801,1,Moderately inaccurate,NA,NA,NA,NA,NA,NA,NA,NA,NA,NA,0.651,0.651,0.608,1,Slightly accurate,NA,NA,NA,NA,NA,0.836,0.836,0.866,1,Moderately accurate,0.674,0.674,0.607,1,Slightly accurate,NA,NA,NA,NA,NA,0.494,0.494,0.406,1,Moderately accurate,NA,NA,NA,NA,NA,NA,NA,NA,NA,NA,0.698,0.698,0.603,1,Slightly accurate,2.746,2.746,2.794,1,Slightly accurate,NA,NA,NA,NA,NA,0.582,0.582,0.508,1,Slightly accurate,NA,NA,NA,NA,NA,0.617,0.617,0.646,1,Slightly accurate,NA,NA,NA,NA,NA,0.599,0.599,0.649,1,Slightly accurate,NA,NA,NA,NA,NA,NA,NA,NA,NA,NA,0.835,0.835,0.891,1,Slightly accurate,1.136,1.136,1.201,1,Moderately inaccurate,NA,NA,NA,NA,NA,NA,NA,NA,NA,NA,1.323,1.323,1.39,1,Moderately inaccurate,NA,NA,NA,NA,NA,1.674,1.674,1.607,1,Slightly inaccurate,1.205,1.205,1.335,1,Very inaccurate,NA,NA,NA,NA,NA,"Hat, money,",1,NA,NA,1,1,NA,NA,1,1,NA,NA,1,NA,1,NA,1,1,NA,NA,1,NA,1,NA,1,1,NA,NA,1,1,NA,1,NA,1,NA,1,NA,NA,1,1,NA,1,NA,NA,1,NA,1,NA,1,1,NA,1,NA,NA,1,NA,1,1,NA,1,NA,NA,1,1,NA,1,NA,1,NA,1,NA,NA,1,1,NA,NA,1,NA,1,1,NA
2023-03-21T18:51:59Z,174,I agree,9wfwmnASZyyo0YmW7ungTR4B,NA,NA,NA,NA,NA,2.594,4.992,5.069,3,Very inaccurate,0.194,3.814,3.874,3,Slightly accurate,NA,NA,NA,NA,NA,1.303,1.805,1.867,2,Moderately accurate,NA,NA,NA,NA,NA,1.339,1.339,1.401,1,Moderately accurate,NA,NA,NA,NA,NA,NA,NA,NA,NA,NA,1.331,1.331,1.389,1,Slightly accurate,NA,NA,NA,NA,NA,1.275,1.275,1.335,1,Slightly accurate,NA,NA,NA,NA,NA,1.408,1.408,1.472,1,Moderately accurate,1.451,1.451,1.514,1,Very accurate,NA,NA,NA,NA,NA,NA,NA,NA,NA,NA,2.227,2.227,2.288,1,Slightly inaccurate,2.208,2.208,2.278,1,Slightly accurate,NA,NA,NA,NA,NA,3.098,3.098,3.163,1,Very inaccurate,NA,NA,NA,NA,NA,3.231,3.231,3.293,1,Moderately accurate,NA,NA,NA,NA,NA,NA,NA,NA,NA,NA,1.164,1.164,1.228,1,Very accurate,2.654,2.654,2.715,1,Slightly accurate,NA,NA,NA,NA,NA,NA,NA,NA,NA,NA,1.527,1.527,1.585,1,Slightly accurate,NA,NA,NA,NA,NA,2.694,2.694,2.767,1,Slightly inaccurate,NA,NA,NA,NA,NA,1.419,1.419,1.503,1,Moderately accurate,NA,NA,NA,NA,NA,1.724,1.724,1.798,1,Slightly inaccurate,7.68,7.68,7.748,1,Slightly inaccurate,NA,NA,NA,NA,NA,NA,NA,NA,NA,NA,1.372,1.372,1.425,1,Moderately accurate,NA,NA,NA,NA,NA,2.813,2.813,2.872,1,Slightly accurate,5.042,5.042,5.121,1,Moderately inaccurate,NA,NA,NA,NA,NA,1.39,1.39,1.445,1,Very accurate,NA,NA,NA,NA,NA,2.753,2.753,2.806,1,Moderately accurate,NA,NA,NA,NA,NA,NA,NA,NA,NA,NA,5.78,5.78,5.838,1,Moderately accurate,1.969,1.969,2.029,1,Slightly accurate,NA,NA,NA,NA,NA,NA,NA,NA,NA,NA,1.433,1.433,1.488,1,Moderately accurate,NA,NA,NA,NA,NA,2.001,2.001,2.064,1,Slightly accurate,2.345,2.345,2.403,1,Slightly accurate,NA,NA,NA,NA,NA,NA,NA,NA,NA,NA,2.403,2.403,2.468,1,Moderately inaccurate,1.52,1.52,1.585,1,Slightly inaccurate,NA,NA,NA,NA,NA,NA,NA,NA,NA,NA,2.324,2.324,2.388,1,Slightly inaccurate,NA,NA,NA,NA,NA,1.609,1.609,1.689,1,Moderately accurate,1.585,1.585,1.636,1,Moderately accurate,NA,NA,NA,NA,NA,NA,NA,NA,NA,NA,2.647,2.647,2.711,1,Very inaccurate,2.758,2.758,2.813,1,Very inaccurate,NA,NA,NA,NA,NA,NA,NA,NA,NA,NA,1.993,1.993,2.056,1,Slightly accurate,1.496,1.496,1.556,1,Very accurate,NA,NA,NA,NA,NA,2.516,2.516,2.577,1,Slightly accurate,NA,NA,NA,NA,NA,NA,NA,NA,NA,NA,1.727,1.727,1.799,1,Moderately inaccurate,"palace, water, fire",NA,1,1,NA,1,NA,1,NA,NA,1,NA,1,NA,1,1,NA,NA,1,1,NA,1,NA,1,NA,NA,1,1,NA,NA,1,NA,1,NA,1,NA,1,1,NA,NA,1,NA,1,1,NA,1,NA,1,NA,NA,1,1,NA,NA,1,NA,1,1,NA,NA,1,1,NA,NA,1,NA,1,1,NA,NA,1,1,NA,NA,1,1,NA,1,NA,NA,1
2023-03-21T18:52:48Z,276,I agree,bqXA3fOkmDgVtAijhHj8MWnd,7.084,7.084,7.094,1,Slightly accurate,NA,NA,NA,NA,NA,NA,NA,NA,NA,NA,4.077,4.077,4.091,1,Moderately accurate,3.341,3.341,3.355,1,Very inaccurate,NA,NA,NA,NA,NA,NA,NA,NA,NA,NA,1.937,1.937,1.947,1,Very accurate,NA,NA,NA,NA,NA,1.991,1.991,2.005,1,Moderately accurate,NA,NA,NA,NA,NA,5.448,5.448,5.461,1,Moderately accurate,NA,NA,NA,NA,NA,1.675,1.675,1.688,1,Slightly accurate,3.51,3.51,3.522,1,Moderately inaccurate,NA,NA,NA,NA,NA,NA,NA,NA,NA,NA,7.497,7.497,7.515,1,Very accurate,NA,NA,NA,NA,NA,2.083,2.083,2.097,1,Slightly inaccurate,4.65,4.65,4.66,1,Very inaccurate,NA,NA,NA,NA,NA,6.126,6.126,6.137,1,Moderately accurate,NA,NA,NA,NA,NA,2.504,2.504,2.517,1,Very inaccurate,NA,NA,NA,NA,NA,1.99,1.99,2.002,1,Moderately accurate,NA,NA,NA,NA,NA,1.48,1.48,1.493,1,Very accurate,NA,NA,NA,NA,NA,NA,NA,NA,NA,NA,5.459,5.459,5.471,1,Slightly accurate,NA,NA,NA,NA,NA,7.481,7.481,7.494,1,Slightly inaccurate,3.399,3.399,3.411,1,Slightly accurate,NA,NA,NA,NA,NA,NA,NA,NA,NA,NA,2.204,2.204,2.218,1,Moderately accurate,2.964,2.964,2.976,1,Moderately accurate,NA,NA,NA,NA,NA,NA,NA,NA,NA,NA,1.686,1.686,1.698,1,Moderately accurate,NA,NA,NA,NA,NA,2.175,2.175,2.186,1,Slightly accurate,2.456,2.456,2.469,1,Very accurate,NA,NA,NA,NA,NA,4.322,4.322,4.335,1,Very inaccurate,NA,NA,NA,NA,NA,NA,NA,NA,NA,NA,3.732,3.732,3.744,1,Moderately accurate,NA,NA,NA,NA,NA,2.069,2.069,2.079,1,Very inaccurate,2.375,2.375,2.387,1,Slightly accurate,NA,NA,NA,NA,NA,5.709,5.709,5.719,1,Slightly accurate,NA,NA,NA,NA,NA,NA,NA,NA,NA,NA,2.255,2.255,2.267,1,Slightly accurate,9.138,9.138,9.15,1,Very inaccurate,NA,NA,NA,NA,NA,NA,NA,NA,NA,NA,2.277,2.277,2.289,1,Slightly accurate,NA,NA,NA,NA,NA,3.882,3.882,3.891,1,Very accurate,NA,NA,NA,NA,NA,1.999,1.999,2.009,1,Very accurate,NA,NA,NA,NA,NA,6.169,6.169,6.179,1,Moderately inaccurate,NA,NA,NA,NA,NA,4.714,4.714,4.722,1,Moderately inaccurate,3.267,3.267,3.278,1,Slightly inaccurate,NA,NA,NA,NA,NA,NA,NA,NA,NA,NA,8.826,8.826,8.836,1,Moderately inaccurate,2.264,2.264,2.276,1,Moderately inaccurate,NA,NA,NA,NA,NA,NA,NA,NA,NA,NA,5.734,5.734,5.744,1,Very inaccurate,2.22,2.22,2.23,1,Very inaccurate,NA,NA,NA,NA,NA,"calm, relaxed, creative, imaginative, uncaring, adventurous,",1,NA,NA,1,1,NA,NA,1,NA,1,NA,1,NA,1,1,NA,NA,1,NA,1,1,NA,1,NA,1,NA,1,NA,1,NA,NA,1,NA,1,1,NA,NA,1,1,NA,NA,1,NA,1,1,NA,1,NA,NA,1,NA,1,1,NA,1,NA,NA,1,1,NA,NA,1,NA,1,NA,1,NA,1,NA,1,1,NA,NA,1,1,NA,NA,1,1,NA
2023-03-21T18:52:01Z,876,I agree,vdU4GJH35ZLzF3YaLoRtujVr,NA,NA,NA,NA,NA,34.373,34.373,34.381,1,Very inaccurate,3.38,3.38,3.388,1,Very accurate,NA,NA,NA,NA,NA,NA,NA,NA,NA,NA,12.821,12.821,12.829,1,Moderately inaccurate,5.885,5.885,5.893,1,Moderately inaccurate,NA,NA,NA,NA,NA,NA,NA,NA,NA,NA,1.825,1.825,1.833,1,Very accurate,11.399,11.399,11.301,1,Slightly inaccurate,NA,NA,NA,NA,NA,2.839,2.839,2.847,1,Moderately inaccurate,NA,NA,NA,NA,NA,NA,NA,NA,NA,NA,4.905,5.72,5.727,2,Moderately inaccurate,2.853,2.853,2.86,1,Very accurate,NA,NA,NA,NA,NA,15.107,15.107,15.117,1,Slightly inaccurate,NA,NA,NA,NA,NA,NA,NA,NA,NA,NA,10.012,10.012,10.022,1,Very inaccurate,NA,NA,NA,NA,NA,8.111,8.111,8.119,1,Slightly inaccurate,NA,NA,NA,NA,NA,4.975,4.975,4.984,1,Moderately inaccurate,44.965,44.965,44.973,1,Moderately accurate,NA,NA,NA,NA,NA,NA,NA,NA,NA,NA,1.883,2.206,2.212,2,Very accurate,2.854,2.854,2.861,1,Moderately accurate,NA,NA,NA,NA,NA,5.114,5.114,5.124,1,Moderately inaccurate,NA,NA,NA,NA,NA,NA,NA,NA,NA,NA,1.226,1.226,1.232,1,Very accurate,3.943,3.943,3.951,1,Moderately accurate,NA,NA,NA,NA,NA,NA,NA,NA,NA,NA,1.673,1.673,1.681,1,Moderately accurate,1.526,1.526,1.534,1,Slightly accurate,NA,NA,NA,NA,NA,3.529,3.529,3.536,1,Slightly accurate,NA,NA,NA,NA,NA,NA,NA,NA,NA,NA,1.378,1.378,1.384,1,Very accurate,NA,NA,NA,NA,NA,1.79,1.79,1.799,1,Moderately inaccurate,8.202,8.202,8.208,1,Moderately accurate,NA,NA,NA,NA,NA,NA,NA,NA,NA,NA,6.065,6.065,6.072,1,Moderately inaccurate,9.2,9.2,9.206,1,Slightly accurate,NA,NA,NA,NA,NA,2.341,2.341,2.348,1,Slightly accurate,NA,NA,NA,NA,NA,NA,NA,NA,NA,NA,1.726,1.726,1.734,1,Moderately inaccurate,NA,NA,NA,NA,NA,1.8,1.8,1.912,1,Moderately inaccurate,2.052,2.052,2.06,1,Slightly accurate,NA,NA,NA,NA,NA,2.905,2.905,2.914,1,Very accurate,NA,NA,NA,NA,NA,3.595,6.901,7.021,3,Moderately accurate,NA,NA,NA,NA,NA,NA,NA,NA,NA,NA,4.32,4.32,4.327,1,Very accurate,5.747,5.747,5.753,1,Moderately inaccurate,NA,NA,NA,NA,NA,NA,NA,NA,NA,NA,1.919,1.919,1.926,1,Moderately accurate,6.31,6.31,6.317,1,Very inaccurate,NA,NA,NA,NA,NA,NA,NA,NA,NA,NA,2.481,2.481,2.488,1,Slightly inaccurate,2.97,2.97,2.977,1,Moderately accurate,NA,NA,NA,NA,NA,NA,NA,NA,NA,NA,7.601,7.601,7.71,1,Slightly inaccurate,"Garden,Museum",NA,1,1,NA,NA,1,1,NA,NA,1,1,NA,1,NA,NA,1,1,NA,1,NA,NA,1,NA,1,NA,1,1,NA,NA,1,1,NA,1,NA,NA,1,1,NA,NA,1,1,NA,1,NA,NA,1,NA,1,1,NA,NA,1,1,NA,1,NA,NA,1,NA,1,1,NA,1,NA,1,NA,NA,1,1,NA,NA,1,1,NA,NA,1,1,NA,NA,1
2023-03-21T19:06:34Z,106,I agree,bDd7eqolENUd224Y5Dx4OPho,NA,NA,NA,NA,NA,2.049,2.049,2.106,1,Slightly inaccurate,1.133,1.133,1.189,1,Slightly accurate,NA,NA,NA,NA,NA,NA,NA,NA,NA,NA,1.142,1.142,1.198,1,Moderately inaccurate,1.389,1.389,1.442,1,Slightly accurate,NA,NA,NA,NA,NA,1.196,1.196,1.25,1,Slightly accurate,NA,NA,NA,NA,NA,1.06,1.06,1.116,1,Slightly accurate,NA,NA,NA,NA,NA,1.318,1.318,1.369,1,Slightly accurate,NA,NA,NA,NA,NA,1.539,1.539,1.596,1,Slightly accurate,NA,NA,NA,NA,NA,NA,NA,NA,NA,NA,1.025,1.025,1.08,1,Moderately accurate,1.023,1.023,1.08,1,Slightly accurate,NA,NA,NA,NA,NA,1.028,1.028,1.083,1,Very inaccurate,NA,NA,NA,NA,NA,1.491,1.491,1.545,1,Slightly accurate,NA,NA,NA,NA,NA,NA,NA,NA,NA,NA,1.201,1.201,1.364,1,Moderately accurate,NA,NA,NA,NA,NA,1.094,1.094,1.149,1,Slightly accurate,NA,NA,NA,NA,NA,1.01,1.01,1.061,1,Moderately accurate,NA,NA,NA,NA,NA,0.974,0.974,1.03,1,Moderately accurate,1.192,1.192,1.249,1,Slightly inaccurate,NA,NA,NA,NA,NA,NA,NA,NA,NA,NA,1.301,1.301,1.354,1,Very accurate,1.094,1.094,1.148,1,Moderately accurate,NA,NA,NA,NA,NA,0.964,0.964,1.018,1,Very accurate,NA,NA,NA,NA,NA,NA,NA,NA,NA,NA,1.302,1.302,1.357,1,Moderately accurate,1.164,1.164,1.214,1,Moderately accurate,NA,NA,NA,NA,NA,0.966,0.966,1.017,1,Very accurate,NA,NA,NA,NA,NA,NA,NA,NA,NA,NA,1.428,1.428,1.482,1,Moderately inaccurate,NA,NA,NA,NA,NA,1.246,1.246,1.295,1,Very accurate,NA,NA,NA,NA,NA,1.547,1.547,1.596,1,Moderately inaccurate,NA,NA,NA,NA,NA,1.081,1.081,1.137,1,Slightly accurate,1.292,1.292,1.345,1,Moderately accurate,NA,NA,NA,NA,NA,NA,NA,NA,NA,NA,1.279,1.279,1.335,1,Slightly inaccurate,NA,NA,NA,NA,NA,1.661,1.661,1.714,1,Slightly inaccurate,NA,NA,NA,NA,NA,1.196,1.196,1.254,1,Moderately accurate,1.05,1.05,1.107,1,Moderately accurate,NA,NA,NA,NA,NA,NA,NA,NA,NA,NA,1.19,1.19,1.245,1,Moderately accurate,1.165,1.165,1.217,1,Slightly accurate,NA,NA,NA,NA,NA,1.401,1.401,1.552,1,Moderately inaccurate,NA,NA,NA,NA,NA,NA,NA,NA,NA,NA,1.042,1.042,1.098,1,Very accurate,NA,NA,NA,NA,NA,1.278,1.278,1.333,1,Moderately inaccurate,2.419,2.419,2.472,1,Slightly accurate,NA,NA,NA,NA,NA,NA,NA,NA,NA,NA,1.943,1.943,1.998,1,Moderately inaccurate,1.52,1.52,1.573,1,Very inaccurate,NA,NA,NA,NA,NA,"house, rock, blood, mountain, valley, girl, mail, envelope",NA,1,1,NA,NA,1,1,NA,1,NA,1,NA,1,NA,1,NA,NA,1,1,NA,1,NA,1,NA,NA,1,NA,1,NA,1,NA,1,1,NA,NA,1,1,NA,1,NA,NA,1,1,NA,1,NA,NA,1,NA,1,NA,1,NA,1,1,NA,NA,1,NA,1,NA,1,1,NA,NA,1,1,NA,1,NA,NA,1,NA,1,1,NA,NA,1,1,NA
2023-03-21T19:27:20Z,344,I agree,k4zBUr0X4mX7filbgYaFrCfa,NA,NA,NA,NA,NA,4.679,4.679,4.698,1,Moderately inaccurate,NA,NA,NA,NA,NA,1.4,1.4,1.522,1,Very accurate,NA,NA,NA,NA,NA,1.792,1.792,1.81,1,Very inaccurate,2.822,2.822,2.838,1,Slightly accurate,NA,NA,NA,NA,NA,1.416,1.416,1.432,1,Very accurate,NA,NA,NA,NA,NA,NA,NA,NA,NA,NA,4.426,4.426,4.443,1,Very accurate,NA,NA,NA,NA,NA,1.067,1.067,1.084,1,Very accurate,NA,NA,NA,NA,NA,3.364,3.364,3.382,1,Moderately accurate,1.57,1.57,1.587,1,Very accurate,NA,NA,NA,NA,NA,NA,NA,NA,NA,NA,2.6,2.6,2.503,1,Moderately accurate,NA,NA,NA,NA,NA,1.873,1.873,1.888,1,Very inaccurate,NA,NA,NA,NA,NA,1.35,1.35,1.369,1,Very accurate,1.807,1.807,1.826,1,Moderately accurate,NA,NA,NA,NA,NA,NA,NA,NA,NA,NA,1.577,1.577,1.592,1,Very accurate,4.632,4.632,4.647,1,Very accurate,NA,NA,NA,NA,NA,1.378,1.378,1.393,1,Very accurate,NA,NA,NA,NA,NA,NA,NA,NA,NA,NA,0.973,0.973,0.991,1,Very accurate,2.104,2.104,2.224,1,Moderately accurate,NA,NA,NA,NA,NA,NA,NA,NA,NA,NA,1.294,1.294,1.31,1,Very accurate,NA,NA,NA,NA,NA,1.378,1.378,1.394,1,Very accurate,1.061,1.061,1.075,1,Very accurate,NA,NA,NA,NA,NA,NA,NA,NA,NA,NA,2.572,2.572,2.586,1,Moderately accurate,NA,NA,NA,NA,NA,1.357,1.357,1.371,1,Very accurate,1.659,1.659,1.677,1,Very inaccurate,NA,NA,NA,NA,NA,1.643,1.643,1.657,1,Very accurate,NA,NA,NA,NA,NA,2.346,2.346,2.364,1,Very inaccurate,NA,NA,NA,NA,NA,1.297,1.297,1.206,1,Very accurate,NA,NA,NA,NA,NA,NA,NA,NA,NA,NA,1.187,1.187,1.101,1,Very accurate,4.283,4.283,4.298,1,Moderately inaccurate,NA,NA,NA,NA,NA,2.113,2.113,2.132,1,Moderately accurate,NA,NA,NA,NA,NA,2.281,2.281,2.296,1,Moderately accurate,NA,NA,NA,NA,NA,NA,NA,NA,NA,NA,1.825,1.825,1.839,1,Very accurate,1.673,2.043,2.06,2,Very accurate,NA,NA,NA,NA,NA,NA,NA,NA,NA,NA,1.396,1.396,1.301,1,Very accurate,NA,NA,NA,NA,NA,1.951,1.951,1.967,1,Very inaccurate,1.694,1.694,1.607,1,Moderately accurate,NA,NA,NA,NA,NA,2.108,2.108,2.123,1,Very inaccurate,NA,NA,NA,NA,NA,NA,NA,NA,NA,NA,1.881,1.881,1.896,1,Very accurate,2.575,2.575,2.591,1,Very inaccurate,NA,NA,NA,NA,NA,NA,NA,NA,NA,NA,2.671,2.671,2.687,1,Very inaccurate,"Dollar, College, Wife, House,",NA,1,NA,1,NA,1,1,NA,1,NA,NA,1,NA,1,NA,1,1,NA,NA,1,NA,1,NA,1,1,NA,NA,1,1,NA,1,NA,NA,1,1,NA,NA,1,NA,1,1,NA,NA,1,NA,1,1,NA,1,NA,1,NA,1,NA,NA,1,1,NA,1,NA,1,NA,NA,1,1,NA,NA,1,NA,1,1,NA,1,NA,NA,1,1,NA,NA,1
2023-03-21T19:34:13Z,158,I agree,Tgx9xnSvA2uaxAOgQQHkEw4r,1.553,1.553,1.61,1,Very inaccurate,NA,NA,NA,NA,NA,0.42,2.293,2.348,3,Moderately accurate,NA,NA,NA,NA,NA,1.889,1.889,1.947,1,Slightly accurate,NA,NA,NA,NA,NA,NA,NA,NA,NA,NA,1.315,1.315,1.37,1,Moderately accurate,NA,NA,NA,NA,NA,1.233,1.233,1.298,1,Moderately inaccurate,3.861,3.861,3.918,1,Moderately accurate,NA,NA,NA,NA,NA,1.216,1.216,1.274,1,Slightly accurate,NA,NA,NA,NA,NA,1.775,1.775,1.834,1,Very accurate,NA,NA,NA,NA,NA,NA,NA,NA,NA,NA,1.402,1.402,1.565,1,Slightly inaccurate,2.685,2.685,2.741,1,Moderately inaccurate,NA,NA,NA,NA,NA,NA,NA,NA,NA,NA,3.193,3.193,3.253,1,Slightly accurate,NA,NA,NA,NA,NA,5.83,5.83,5.89,1,Moderately accurate,NA,NA,NA,NA,NA,1.514,1.514,1.574,1,Slightly accurate,4.475,4.475,4.534,1,Slightly accurate,NA,NA,NA,NA,NA,3.854,3.854,3.907,1,Slightly accurate,NA,NA,NA,NA,NA,NA,NA,NA,NA,NA,1.118,1.118,1.172,1,Slightly accurate,1.632,1.632,1.689,1,Moderately accurate,NA,NA,NA,NA,NA,2.016,2.016,2.072,1,Slightly accurate,NA,NA,NA,NA,NA,4.916,6.432,6.487,2,Moderately inaccurate,NA,NA,NA,NA,NA,2.001,2.001,2.066,1,Moderately accurate,NA,NA,NA,NA,NA,NA,NA,NA,NA,NA,1.255,1.255,1.312,1,Moderately accurate,NA,NA,NA,NA,NA,1.593,1.593,1.654,1,Slightly accurate,NA,NA,NA,NA,NA,2.833,2.833,2.888,1,Very accurate,2.149,2.149,2.205,1,Moderately accurate,NA,NA,NA,NA,NA,1.372,1.372,1.433,1,Moderately accurate,NA,NA,NA,NA,NA,1.434,1.434,1.487,1,Moderately accurate,NA,NA,NA,NA,NA,NA,NA,NA,NA,NA,1.197,1.197,1.26,1,Moderately accurate,NA,NA,NA,NA,NA,1.807,1.807,1.875,1,Slightly inaccurate,NA,NA,NA,NA,NA,1.468,1.468,1.526,1,Very inaccurate,1.795,1.795,1.855,1,Moderately inaccurate,NA,NA,NA,NA,NA,NA,NA,NA,NA,NA,1.673,1.673,1.736,1,Moderately inaccurate,1.822,1.822,1.882,1,Slightly inaccurate,NA,NA,NA,NA,NA,NA,NA,NA,NA,NA,1.511,1.511,1.584,1,Moderately accurate,1.399,1.399,1.454,1,Very accurate,NA,NA,NA,NA,NA,1.379,1.379,1.443,1,Moderately inaccurate,NA,NA,NA,NA,NA,1.65,1.65,1.711,1,Moderately inaccurate,NA,NA,NA,NA,NA,1.754,1.754,1.808,1,Slightly inaccurate,NA,NA,NA,NA,NA,NA,NA,NA,NA,NA,1.556,1.556,1.623,1,Moderately accurate,4.157,4.157,4.214,1,Slightly inaccurate,NA,NA,NA,NA,NA,1.336,1.336,1.397,1,Moderately inaccurate,NA,NA,NA,NA,NA,"Tree, house",1,NA,1,NA,1,NA,NA,1,NA,1,1,NA,1,NA,1,NA,NA,1,1,NA,NA,1,NA,1,NA,1,1,NA,1,NA,NA,1,1,NA,1,NA,1,NA,1,NA,NA,1,NA,1,NA,1,1,NA,1,NA,1,NA,NA,1,NA,1,NA,1,1,NA,NA,1,1,NA,NA,1,1,NA,1,NA,1,NA,1,NA,NA,1,1,NA,1,NA
2023-03-21T19:35:33Z,303,I agree,5wQ5DNPTN11xjZ4jYnta8BbQ,2.773,2.773,2.786,1,Very inaccurate,NA,NA,NA,NA,NA,NA,NA,NA,NA,NA,1.661,1.661,1.673,1,Slightly accurate,NA,NA,NA,NA,NA,2.366,2.366,2.378,1,Very inaccurate,1.705,1.705,1.719,1,Moderately accurate,NA,NA,NA,NA,NA,NA,NA,NA,NA,NA,3.586,3.586,3.599,1,Moderately inaccurate,2.302,2.302,2.415,1,Slightly accurate,NA,NA,NA,NA,NA,NA,NA,NA,NA,NA,2.244,2.244,2.258,1,Moderately accurate,NA,NA,NA,NA,NA,1.477,1.477,1.49,1,Very accurate,2.287,2.287,2.299,1,Moderately accurate,NA,NA,NA,NA,NA,NA,NA,NA,NA,NA,1.584,1.584,1.588,1,Slightly inaccurate,2.006,2.006,2.012,1,Very inaccurate,NA,NA,NA,NA,NA,1.885,1.885,1.898,1,Very accurate,NA,NA,NA,NA,NA,1.644,1.644,1.655,1,Very accurate,NA,NA,NA,NA,NA,NA,NA,NA,NA,NA,1.725,1.725,1.739,1,Very accurate,NA,NA,NA,NA,NA,1.832,1.832,1.844,1,Slightly inaccurate,1.612,1.612,1.624,1,Very accurate,NA,NA,NA,NA,NA,NA,NA,NA,NA,NA,1.221,1.221,1.233,1,Very accurate,NA,NA,NA,NA,NA,2.097,2.097,2.008,1,Very inaccurate,NA,NA,NA,NA,NA,2.159,2.159,2.163,1,Moderately inaccurate,NA,NA,NA,NA,NA,2.255,2.255,2.267,1,Slightly accurate,1.901,1.901,1.913,1,Very accurate,NA,NA,NA,NA,NA,1.962,1.962,1.969,1,Moderately inaccurate,NA,NA,NA,NA,NA,1.625,1.625,1.634,1,Very accurate,NA,NA,NA,NA,NA,NA,NA,NA,NA,NA,4.837,4.837,4.848,1,Slightly inaccurate,NA,NA,NA,NA,NA,1.838,2.242,2.252,2,Moderately accurate,NA,NA,NA,NA,NA,1.952,1.952,1.966,1,Moderately inaccurate,1.729,1.729,1.741,1,Very accurate,NA,NA,NA,NA,NA,2.67,2.67,2.684,1,Moderately accurate,NA,NA,NA,NA,NA,1.902,1.902,2.017,1,Moderately inaccurate,NA,NA,NA,NA,NA,NA,NA,NA,NA,NA,2.259,2.259,2.266,1,Slightly inaccurate,1.973,1.973,1.985,1,Slightly inaccurate,NA,NA,NA,NA,NA,NA,NA,NA,NA,NA,3.168,3.168,3.174,1,Slightly accurate,1.902,1.902,1.914,1,Moderately accurate,NA,NA,NA,NA,NA,NA,NA,NA,NA,NA,2.278,2.278,2.29,1,Very accurate,NA,NA,NA,NA,NA,1.59,1.59,1.602,1,Very inaccurate,NA,NA,NA,NA,NA,2.208,2.208,2.22,1,Moderately inaccurate,NA,NA,NA,NA,NA,1.693,1.693,1.697,1,Very inaccurate,4.206,4.206,4.218,1,Moderately accurate,NA,NA,NA,NA,NA,NA,NA,NA,NA,NA,1.613,1.613,1.617,1,Very inaccurate,NA,NA,NA,NA,NA,1.584,1.584,1.597,1,Very inaccurate,"House, College, Sky, Sun, Dollar, Tool, Fruit",1,NA,NA,1,NA,1,1,NA,NA,1,1,NA,NA,1,NA,1,1,NA,NA,1,1,NA,1,NA,1,NA,NA,1,NA,1,1,NA,NA,1,NA,1,NA,1,NA,1,1,NA,1,NA,1,NA,NA,1,NA,1,NA,1,1,NA,1,NA,1,NA,NA,1,1,NA,NA,1,1,NA,NA,1,NA,1,NA,1,NA,1,1,NA,NA,1,NA,1
2023-03-21T19:40:50Z,366,I agree,GVZnmg3Qsda48IQcT1uG9ms6,4.455,4.455,4.481,1,Slightly inaccurate,NA,NA,NA,NA,NA,2.312,2.312,2.335,1,Very accurate,NA,NA,NA,NA,NA,2.204,2.204,2.229,1,Moderately inaccurate,NA,NA,NA,NA,NA,4.209,4.209,4.233,1,Moderately inaccurate,NA,NA,NA,NA,NA,NA,NA,NA,NA,NA,2.728,5.066,5.09,2,Moderately accurate,NA,NA,NA,NA,NA,0.09,0.09,0,1,Very accurate,1.405,1.405,1.532,1,Very accurate,NA,NA,NA,NA,NA,NA,NA,NA,NA,NA,2.709,2.709,2.732,1,Slightly accurate,4.371,4.371,4.395,1,Very accurate,NA,NA,NA,NA,NA,2.732,2.732,2.756,1,Slightly accurate,NA,NA,NA,NA,NA,NA,NA,NA,NA,NA,1.771,1.771,1.797,1,Very inaccurate,1.23,1.23,1.254,1,Very accurate,NA,NA,NA,NA,NA,NA,NA,NA,NA,NA,5.23,5.23,5.255,1,Slightly accurate,1.362,1.362,1.388,1,Very accurate,NA,NA,NA,NA,NA,1.1,1.1,1.119,1,Very accurate,NA,NA,NA,NA,NA,1.474,1.474,1.5,1,Very accurate,NA,NA,NA,NA,NA,NA,NA,NA,NA,NA,1.843,1.843,1.863,1,Very accurate,2.769,2.769,2.792,1,Moderately accurate,NA,NA,NA,NA,NA,1.666,1.666,1.692,1,Moderately accurate,NA,NA,NA,NA,NA,NA,NA,NA,NA,NA,1.209,1.209,1.234,1,Very accurate,1.15,1.15,1.176,1,Very accurate,NA,NA,NA,NA,NA,NA,NA,NA,NA,NA,7.407,7.407,7.432,1,Moderately accurate,1.77,1.77,1.795,1,Very accurate,NA,NA,NA,NA,NA,NA,NA,NA,NA,NA,2.35,2.35,2.369,1,Moderately inaccurate,NA,NA,NA,NA,NA,2.431,2.431,2.454,1,Very accurate,2.892,2.892,2.803,1,Slightly accurate,NA,NA,NA,NA,NA,1.06,1.06,1.086,1,Very accurate,NA,NA,NA,NA,NA,NA,NA,NA,NA,NA,2.065,2.065,2.088,1,Moderately accurate,NA,NA,NA,NA,NA,2.315,2.315,2.34,1,Slightly inaccurate,1.342,1.342,1.368,1,Very accurate,NA,NA,NA,NA,NA,6.51,6.51,6.532,1,Very accurate,NA,NA,NA,NA,NA,NA,NA,NA,NA,NA,3.284,3.284,3.203,1,Very accurate,8.834,11.525,11.556,2,Moderately inaccurate,NA,NA,NA,NA,NA,2.914,2.914,2.942,1,Moderately accurate,NA,NA,NA,NA,NA,1.974,1.974,2,1,Very inaccurate,NA,NA,NA,NA,NA,1.539,1.539,1.564,1,Moderately accurate,NA,NA,NA,NA,NA,NA,NA,NA,NA,NA,1.502,1.502,1.527,1,Very inaccurate,2.259,2.259,2.279,1,Moderately inaccurate,NA,NA,NA,NA,NA,4.251,4.251,4.269,1,Very inaccurate,NA,NA,NA,NA,NA,NA,NA,NA,NA,NA,1.64,1.64,1.664,1,Very inaccurate,"Forest, church, tree,",1,NA,1,NA,1,NA,1,NA,NA,1,NA,1,1,NA,NA,1,1,NA,1,NA,NA,1,1,NA,NA,1,1,NA,1,NA,1,NA,NA,1,1,NA,1,NA,NA,1,1,NA,NA,1,1,NA,NA,1,NA,1,1,NA,1,NA,NA,1,NA,1,1,NA,1,NA,NA,1,1,NA,1,NA,1,NA,1,NA,NA,1,1,NA,1,NA,NA,1
2023-03-21T19:39:42Z,468,I agree,yinnmJiVxeS1UWPc2wMWwVkf,NA,NA,NA,NA,NA,4.697,5.862,5.931,2,Slightly accurate,5.787,5.787,5.87,1,Slightly accurate,NA,NA,NA,NA,NA,5.176,5.176,5.256,1,Slightly accurate,NA,NA,NA,NA,NA,NA,NA,NA,NA,NA,1.901,1.901,1.978,1,Slightly accurate,1.554,1.554,1.632,1,Slightly accurate,NA,NA,NA,NA,NA,NA,NA,NA,NA,NA,1.272,1.272,1.349,1,Slightly accurate,1.292,1.292,1.365,1,Slightly accurate,NA,NA,NA,NA,NA,2.11,2.11,2.186,1,Slightly accurate,NA,NA,NA,NA,NA,NA,NA,NA,NA,NA,1.43,1.43,1.494,1,Slightly accurate,NA,NA,NA,NA,NA,1.976,1.976,2.045,1,Slightly accurate,4.275,4.275,4.348,1,Slightly inaccurate,NA,NA,NA,NA,NA,NA,NA,NA,NA,NA,2.092,2.092,2.167,1,Slightly accurate,1.633,1.633,1.701,1,Slightly inaccurate,NA,NA,NA,NA,NA,NA,NA,NA,NA,NA,1.198,1.198,1.269,1,Slightly accurate,NA,NA,NA,NA,NA,1.25,1.25,1.328,1,Slightly accurate,NA,NA,NA,NA,NA,1.564,1.564,1.646,1,Slightly accurate,2.264,2.264,2.347,1,Slightly accurate,NA,NA,NA,NA,NA,NA,NA,NA,NA,NA,4.075,4.075,4.148,1,Slightly accurate,NA,NA,NA,NA,NA,1.642,1.642,1.716,1,Slightly accurate,3.067,3.067,3.142,1,Moderately accurate,NA,NA,NA,NA,NA,NA,NA,NA,NA,NA,3.294,3.294,3.345,1,Moderately accurate,1.353,6.224,6.282,2,Moderately accurate,NA,NA,NA,NA,NA,NA,NA,NA,NA,NA,2.645,4.751,4.82,2,Very accurate,11.31,11.31,11.376,1,Slightly accurate,NA,NA,NA,NA,NA,2.28,2.28,2.352,1,Slightly accurate,NA,NA,NA,NA,NA,NA,NA,NA,NA,NA,2.038,2.038,2.113,1,Slightly accurate,NA,NA,NA,NA,NA,1.579,1.579,1.656,1,Slightly accurate,5.996,5.996,6.085,1,Slightly accurate,NA,NA,NA,NA,NA,2.454,2.454,2.53,1,Slightly accurate,NA,NA,NA,NA,NA,NA,NA,NA,NA,NA,4.406,4.406,4.481,1,Slightly accurate,NA,NA,NA,NA,NA,6.124,6.124,6.209,1,Slightly accurate,7.753,7.753,7.825,1,Moderately accurate,NA,NA,NA,NA,NA,NA,NA,NA,NA,NA,1.06,2.731,2.795,2,Slightly accurate,NA,NA,NA,NA,NA,2.347,24.135,24.197,2,Slightly accurate,NA,NA,NA,NA,NA,3.231,3.231,3.293,1,Slightly inaccurate,NA,NA,NA,NA,NA,29.034,29.034,29.001,1,Slightly accurate,4.404,4.404,4.48,1,Moderately inaccurate,NA,NA,NA,NA,NA,NA,NA,NA,NA,NA,3.977,3.977,4.022,1,Slightly accurate,NA,NA,NA,NA,NA,3.058,3.058,3.11,1,Slightly accurate,2.813,2.813,2.896,1,Slightly inaccurate,NA,NA,NA,NA,NA,Cold  creative. Organized.,NA,1,1,NA,1,NA,NA,1,1,NA,NA,1,1,NA,1,NA,NA,1,NA,1,1,NA,NA,1,1,NA,NA,1,NA,1,NA,1,1,NA,NA,1,NA,1,1,NA,NA,1,1,NA,NA,1,1,NA,1,NA,NA,1,NA,1,1,NA,1,NA,NA,1,NA,1,1,NA,NA,1,NA,1,NA,1,NA,1,1,NA,NA,1,NA,1,1,NA
2023-03-21T19:50:18Z,328,I agree,0Ixcb29y7NIvFUHsZuTRIjff,NA,NA,NA,NA,NA,3.886,3.886,3.892,1,Slightly accurate,NA,NA,NA,NA,NA,1.976,1.976,1.983,1,Very accurate,NA,NA,NA,NA,NA,3.939,3.939,3.946,1,Very inaccurate,NA,NA,NA,NA,NA,2.982,2.982,2.988,1,Moderately accurate,4.79,4.79,4.797,1,Moderately accurate,NA,NA,NA,NA,NA,1.825,1.825,1.831,1,Very accurate,NA,NA,NA,NA,NA,NA,NA,NA,NA,NA,80.722,80.722,80.728,1,Very accurate,NA,NA,NA,NA,NA,3.565,3.565,3.571,1,Moderately inaccurate,NA,NA,NA,NA,NA,5.551,5.551,5.557,1,Very accurate,2.085,2.085,2.091,1,Slightly accurate,NA,NA,NA,NA,NA,1.727,1.727,1.732,1,Very inaccurate,NA,NA,NA,NA,NA,1.593,1.593,1.599,1,Very accurate,NA,NA,NA,NA,NA,NA,NA,NA,NA,NA,2.445,2.445,2.452,1,Slightly inaccurate,1.611,1.611,1.617,1,Slightly inaccurate,NA,NA,NA,NA,NA,1.663,1.663,1.669,1,Very accurate,NA,NA,NA,NA,NA,4.298,4.298,4.2,1,Slightly inaccurate,NA,NA,NA,NA,NA,NA,NA,NA,NA,NA,2.023,2.023,2.03,1,Very accurate,2.517,2.517,2.524,1,Moderately accurate,NA,NA,NA,NA,NA,NA,NA,NA,NA,NA,1.292,1.292,1.299,1,Moderately accurate,1.316,1.316,1.323,1,Very accurate,NA,NA,NA,NA,NA,2.23,2.23,2.236,1,Moderately accurate,NA,NA,NA,NA,NA,NA,NA,NA,NA,NA,2.035,2.035,2.041,1,Slightly accurate,1.381,1.381,1.387,1,Very accurate,NA,NA,NA,NA,NA,2.274,2.274,2.28,1,Moderately inaccurate,NA,NA,NA,NA,NA,3.883,3.883,3.889,1,Very accurate,NA,NA,NA,NA,NA,NA,NA,NA,NA,NA,4.4,4.4,4.516,1,Very inaccurate,8.117,8.117,8.124,1,Very accurate,NA,NA,NA,NA,NA,2.392,2.392,2.399,1,Very accurate,NA,NA,NA,NA,NA,2.423,2.423,2.429,1,Slightly accurate,NA,NA,NA,NA,NA,1.673,1.673,1.679,1,Slightly inaccurate,NA,NA,NA,NA,NA,NA,NA,NA,NA,NA,1.997,1.997,1.9,1,Slightly accurate,NA,NA,NA,NA,NA,1.601,1.601,1.608,1,Very accurate,1.49,1.49,1.494,1,Moderately accurate,NA,NA,NA,NA,NA,NA,NA,NA,NA,NA,1.82,1.82,1.826,1,Moderately accurate,NA,NA,NA,NA,NA,2.222,2.222,2.227,1,Very inaccurate,NA,NA,NA,NA,NA,5.891,5.891,5.898,1,Slightly accurate,3.057,3.057,3.063,1,Slightly accurate,NA,NA,NA,NA,NA,3.198,3.198,3.204,1,Slightly accurate,NA,NA,NA,NA,NA,2.125,2.125,2.131,1,Moderately inaccurate,NA,NA,NA,NA,NA,NA,NA,NA,NA,NA,1.88,1.88,1.887,1,Very inaccurate,"baby, sea, priest, arctic, cold, warm, village",NA,1,NA,1,NA,1,NA,1,1,NA,1,NA,NA,1,NA,1,NA,1,1,NA,1,NA,1,NA,NA,1,1,NA,1,NA,1,NA,NA,1,1,NA,NA,1,1,NA,1,NA,NA,1,1,NA,1,NA,1,NA,NA,1,1,NA,1,NA,1,NA,1,NA,NA,1,NA,1,1,NA,NA,1,NA,1,NA,1,1,NA,1,NA,1,NA,NA,1
2023-03-21T22:51:16Z,109,I agree,GzByMBOjknoQboOGrhLGVGnF,2.674,2.674,2.68,1,Moderately accurate,NA,NA,NA,NA,NA,2.246,2.246,2.253,1,Moderately accurate,NA,NA,NA,NA,NA,1.768,1.768,1.774,1,Very inaccurate,NA,NA,NA,NA,NA,NA,NA,NA,NA,NA,1.302,1.302,1.308,1,Moderately accurate,0.994,0.994,0.999,1,Moderately accurate,NA,NA,NA,NA,NA,NA,NA,NA,NA,NA,0.863,0.863,0.868,1,Moderately accurate,0.915,0.915,0.921,1,Moderately accurate,NA,NA,NA,NA,NA,1.042,1.042,1.047,1,Moderately accurate,NA,NA,NA,NA,NA,1.676,1.676,1.682,1,Moderately accurate,NA,NA,NA,NA,NA,NA,NA,NA,NA,NA,0.993,0.993,0.999,1,Moderately accurate,NA,NA,NA,NA,NA,1.461,1.461,1.465,1,Very inaccurate,NA,NA,NA,NA,NA,1.034,1.034,1.04,1,Moderately accurate,1.057,1.057,1.062,1,Slightly accurate,NA,NA,NA,NA,NA,NA,NA,NA,NA,NA,1.186,1.186,1.192,1,Moderately accurate,NA,NA,NA,NA,NA,0.827,0.827,0.833,1,Moderately accurate,NA,NA,NA,NA,NA,0.834,0.834,0.84,1,Very accurate,0.893,0.893,0.898,1,Moderately accurate,NA,NA,NA,NA,NA,NA,NA,NA,NA,NA,0.683,0.683,0.688,1,Moderately accurate,1.022,1.022,1.027,1,Moderately accurate,NA,NA,NA,NA,NA,NA,NA,NA,NA,NA,0.762,0.762,0.767,1,Moderately accurate,NA,NA,NA,NA,NA,0.744,0.744,0.749,1,Moderately accurate,0.638,0.638,0.643,1,Moderately accurate,NA,NA,NA,NA,NA,NA,NA,NA,NA,NA,0.983,0.983,0.988,1,Very accurate,NA,NA,NA,NA,NA,1.169,1.169,1.174,1,Slightly accurate,NA,NA,NA,NA,NA,0.948,0.948,0.953,1,Very accurate,1.243,1.243,1.249,1,Slightly accurate,NA,NA,NA,NA,NA,NA,NA,NA,NA,NA,0.845,0.845,0.85,1,Moderately accurate,NA,NA,NA,NA,NA,1.278,1.278,1.284,1,Very accurate,NA,NA,NA,NA,NA,0.723,0.723,0.731,1,Very accurate,NA,NA,NA,NA,NA,0.705,0.705,0.71,1,Very accurate,1.221,1.221,1.226,1,Very accurate,NA,NA,NA,NA,NA,0.86,0.86,0.866,1,Very accurate,NA,NA,NA,NA,NA,NA,NA,NA,NA,NA,0.746,0.746,0.752,1,Very accurate,1.098,1.098,1.001,1,Slightly accurate,NA,NA,NA,NA,NA,1.753,1.753,1.758,1,Slightly accurate,NA,NA,NA,NA,NA,0.793,0.793,0.799,1,Slightly accurate,NA,NA,NA,NA,NA,NA,NA,NA,NA,NA,1.698,1.698,1.704,1,Slightly accurate,NA,NA,NA,NA,NA,1.045,1.045,1.05,1,Slightly accurate,NA,NA,NA,NA,NA,0.774,0.774,0.779,1,Slightly accurate,1.64,1.64,1.646,1,Slightly inaccurate,NA,NA,NA,NA,NA,child,1,NA,1,NA,1,NA,NA,1,1,NA,NA,1,1,NA,1,NA,1,NA,NA,1,NA,1,NA,1,1,NA,NA,1,NA,1,NA,1,1,NA,NA,1,1,NA,NA,1,NA,1,1,NA,NA,1,NA,1,NA,1,1,NA,NA,1,NA,1,NA,1,NA,1,1,NA,1,NA,NA,1,1,NA,1,NA,1,NA,NA,1,NA,1,NA,1,1,NA
2023-03-21T23:32:50Z,265,I agree,wirdifoCatZX7v6FF77Sgjet,NA,NA,NA,NA,NA,4.432,4.432,4.467,1,Moderately accurate,NA,NA,NA,NA,NA,1.464,1.464,1.497,1,Moderately accurate,NA,NA,NA,NA,NA,2.474,2.474,2.403,1,Moderately inaccurate,1.537,1.537,1.569,1,Very inaccurate,NA,NA,NA,NA,NA,NA,NA,NA,NA,NA,3.224,3.224,3.255,1,Slightly inaccurate,2.037,2.037,2.069,1,Slightly accurate,NA,NA,NA,NA,NA,NA,NA,NA,NA,NA,1.527,1.527,1.566,1,Slightly accurate,2.154,2.154,2.191,1,Moderately inaccurate,NA,NA,NA,NA,NA,1.265,1.265,1.299,1,Slightly accurate,NA,NA,NA,NA,NA,NA,NA,NA,NA,NA,1.62,1.62,1.651,1,Moderately accurate,2.656,2.656,2.684,1,Very inaccurate,NA,NA,NA,NA,NA,2.503,2.503,2.538,1,Moderately accurate,NA,NA,NA,NA,NA,1.861,1.861,1.893,1,Moderately inaccurate,NA,NA,NA,NA,NA,NA,NA,NA,NA,NA,1.492,1.492,1.408,1,Slightly accurate,NA,NA,NA,NA,NA,1.202,1.202,1.234,1,Moderately accurate,1.3,1.3,1.329,1,Moderately accurate,NA,NA,NA,NA,NA,1.45,1.45,1.487,1,Moderately accurate,NA,NA,NA,NA,NA,NA,NA,NA,NA,NA,1.473,1.473,1.506,1,Moderately accurate,NA,NA,NA,NA,NA,1.732,1.732,1.763,1,Slightly accurate,1.161,1.161,1.194,1,Slightly accurate,NA,NA,NA,NA,NA,NA,NA,NA,NA,NA,1.384,1.384,1.304,1,Slightly accurate,1.591,1.591,1.504,1,Slightly accurate,NA,NA,NA,NA,NA,NA,NA,NA,NA,NA,1.786,1.786,1.703,1,Very accurate,1.722,1.722,1.753,1,Moderately inaccurate,NA,NA,NA,NA,NA,NA,NA,NA,NA,NA,3.532,3.532,3.564,1,Slightly inaccurate,1.667,1.667,1.699,1,Slightly accurate,NA,NA,NA,NA,NA,NA,NA,NA,NA,NA,2.465,2.465,2.502,1,Slightly inaccurate,1.999,1.999,2.029,1,Slightly inaccurate,NA,NA,NA,NA,NA,1.679,1.679,1.607,1,Moderately accurate,NA,NA,NA,NA,NA,NA,NA,NA,NA,NA,1.69,1.69,1.602,1,Slightly accurate,1.682,1.682,1.601,1,Slightly accurate,NA,NA,NA,NA,NA,NA,NA,NA,NA,NA,1.741,1.741,1.772,1,Slightly accurate,NA,NA,NA,NA,NA,1.642,1.642,1.673,1,Slightly inaccurate,NA,NA,NA,NA,NA,1.66,1.66,1.688,1,Slightly inaccurate,NA,NA,NA,NA,NA,2.419,2.419,2.454,1,Moderately inaccurate,NA,NA,NA,NA,NA,1.496,1.496,1.417,1,Moderately accurate,NA,NA,NA,NA,NA,3.589,3.589,3.503,1,Moderately inaccurate,NA,NA,NA,NA,NA,4.513,4.513,4.55,1,Moderately inaccurate,3.522,3.522,3.552,1,Very inaccurate,NA,NA,NA,NA,NA,NA,NA,NA,NA,NA,1.847,1.847,1.878,1,Very inaccurate,"Butter,doller,earth,home,sky,wife",NA,1,NA,1,NA,1,1,NA,NA,1,1,NA,NA,1,1,NA,1,NA,NA,1,1,NA,1,NA,1,NA,NA,1,NA,1,1,NA,1,NA,NA,1,NA,1,1,NA,NA,1,1,NA,NA,1,1,NA,NA,1,1,NA,NA,1,1,NA,1,NA,NA,1,1,NA,NA,1,NA,1,NA,1,NA,1,NA,1,NA,1,NA,1,1,NA,NA,1
2023-03-21T23:48:35Z,163,I agree,RvP0NSNmgunzwuWi8yUHtmME,NA,NA,NA,NA,NA,1.876,1.876,1.935,1,Very accurate,NA,NA,NA,NA,NA,0.303,2.7,2.757,3,Very accurate,NA,NA,NA,NA,NA,1.269,1.269,1.324,1,Very inaccurate,NA,NA,NA,NA,NA,1.045,1.045,1.098,1,Very inaccurate,1.514,1.514,1.571,1,Moderately accurate,NA,NA,NA,NA,NA,1.244,1.244,1.201,1,Moderately accurate,NA,NA,NA,NA,NA,NA,NA,NA,NA,NA,1.839,1.839,1.896,1,Slightly accurate,NA,NA,NA,NA,NA,1.437,1.437,1.493,1,Very inaccurate,NA,NA,NA,NA,NA,1.459,1.459,1.516,1,Very accurate,1.5,1.5,1.55,1,Very accurate,NA,NA,NA,NA,NA,NA,NA,NA,NA,NA,1.276,1.276,1.332,1,Very inaccurate,NA,NA,NA,NA,NA,1.961,1.961,2.016,1,Moderately accurate,NA,NA,NA,NA,NA,0.851,0.851,0.907,1,Very inaccurate,2.468,2.468,2.526,1,Very accurate,NA,NA,NA,NA,NA,0.885,0.885,0.94,1,Very accurate,NA,NA,NA,NA,NA,NA,NA,NA,NA,NA,0.925,0.925,0.981,1,Very accurate,NA,NA,NA,NA,NA,3.484,3.484,3.54,1,Slightly inaccurate,1.245,1.245,1.2,1,Very accurate,NA,NA,NA,NA,NA,0.88,0.88,0.936,1,Very accurate,NA,NA,NA,NA,NA,NA,NA,NA,NA,NA,0.774,0.774,0.83,1,Very accurate,0.83,0.83,0.886,1,Very accurate,NA,NA,NA,NA,NA,NA,NA,NA,NA,NA,2.301,2.301,2.345,1,Very accurate,1.095,1.095,1.151,1,Very accurate,NA,NA,NA,NA,NA,NA,NA,NA,NA,NA,1.681,1.681,1.736,1,Very inaccurate,1.384,1.384,1.44,1,Very accurate,NA,NA,NA,NA,NA,NA,NA,NA,NA,NA,2.534,2.534,2.575,1,Slightly accurate,1.848,1.848,1.904,1,Slightly inaccurate,NA,NA,NA,NA,NA,NA,NA,NA,NA,NA,1.586,1.586,1.643,1,Very inaccurate,NA,NA,NA,NA,NA,1.458,1.458,1.514,1,Moderately accurate,1.532,1.532,1.587,1,Slightly accurate,NA,NA,NA,NA,NA,NA,NA,NA,NA,NA,1.189,1.189,1.248,1,Very accurate,1.131,1.131,1.188,1,Very accurate,NA,NA,NA,NA,NA,3.992,3.992,4.053,1,Slightly accurate,NA,NA,NA,NA,NA,1.251,1.251,1.309,1,Very inaccurate,NA,NA,NA,NA,NA,2.598,2.598,2.662,1,Slightly accurate,NA,NA,NA,NA,NA,1.202,1.202,1.252,1,Moderately accurate,NA,NA,NA,NA,NA,1.419,1.419,1.469,1,Very inaccurate,NA,NA,NA,NA,NA,1.142,1.142,1.197,1,Very inaccurate,NA,NA,NA,NA,NA,NA,NA,NA,NA,NA,1.935,1.935,1.985,1,Slightly accurate,1.163,1.163,1.218,1,Very inaccurate,NA,NA,NA,NA,NA,"Hand, leg, stone, horse, ground, house, dog, cat",NA,1,NA,1,NA,1,NA,1,1,NA,1,NA,NA,1,NA,1,NA,1,1,NA,NA,1,NA,1,NA,1,1,NA,1,NA,NA,1,NA,1,1,NA,1,NA,NA,1,1,NA,NA,1,1,NA,NA,1,1,NA,NA,1,1,NA,NA,1,NA,1,1,NA,NA,1,1,NA,1,NA,1,NA,1,NA,1,NA,1,NA,1,NA,NA,1,1,NA
2023-03-22T02:38:39Z,175,I agree,1qXTtDWLA1hISwdl8zgoMHJx,3.301,3.301,3.343,1,Moderately inaccurate,NA,NA,NA,NA,NA,1.993,1.993,1.902,1,Very accurate,NA,NA,NA,NA,NA,2.917,2.917,2.957,1,Very inaccurate,NA,NA,NA,NA,NA,1.595,1.595,1.506,1,Very inaccurate,NA,NA,NA,NA,NA,NA,NA,NA,NA,NA,1.35,1.35,1.388,1,Very accurate,NA,NA,NA,NA,NA,1.18,1.18,1.104,1,Very accurate,2.636,2.636,2.674,1,Very accurate,NA,NA,NA,NA,NA,NA,NA,NA,NA,NA,4.593,4.593,4.504,1,Very inaccurate,1.479,1.479,1.403,1,Very accurate,NA,NA,NA,NA,NA,4.159,4.159,4.199,1,Very accurate,NA,NA,NA,NA,NA,NA,NA,NA,NA,NA,3.267,3.267,3.209,1,Very inaccurate,NA,NA,NA,NA,NA,2.534,2.534,2.575,1,Very accurate,1.322,1.322,1.367,1,Very inaccurate,NA,NA,NA,NA,NA,1.567,1.567,1.502,1,Very accurate,NA,NA,NA,NA,NA,1.679,1.679,1.609,1,Very accurate,NA,NA,NA,NA,NA,NA,NA,NA,NA,NA,1.668,1.668,1.705,1,Very accurate,1.572,1.572,1.503,1,Very accurate,NA,NA,NA,NA,NA,1.269,1.269,1.207,1,Very accurate,NA,NA,NA,NA,NA,NA,NA,NA,NA,NA,1.69,1.69,1.604,1,Very accurate,NA,NA,NA,NA,NA,1.353,1.353,1.393,1,Very accurate,2.864,2.864,2.802,1,Very accurate,NA,NA,NA,NA,NA,2.567,2.567,2.609,1,Moderately inaccurate,NA,NA,NA,NA,NA,NA,NA,NA,NA,NA,1.494,1.494,1.411,1,Very accurate,1.332,1.332,1.378,1,Very inaccurate,NA,NA,NA,NA,NA,NA,NA,NA,NA,NA,8.759,8.759,8.8,1,Slightly inaccurate,1.295,1.295,1.212,1,Very inaccurate,NA,NA,NA,NA,NA,NA,NA,NA,NA,NA,1.229,1.229,1.273,1,Very accurate,NA,NA,NA,NA,NA,4.424,4.424,4.464,1,Moderately accurate,1.28,1.28,1.204,1,Very inaccurate,NA,NA,NA,NA,NA,NA,NA,NA,NA,NA,1.883,1.883,1.809,1,Moderately accurate,3.964,3.964,4.007,1,Very inaccurate,NA,NA,NA,NA,NA,NA,NA,NA,NA,NA,1.51,1.51,1.549,1,Very accurate,NA,NA,NA,NA,NA,3.621,3.621,3.665,1,Moderately accurate,1.237,1.237,1.279,1,Very accurate,NA,NA,NA,NA,NA,NA,NA,NA,NA,NA,1.5,1.5,1.544,1,Very inaccurate,1.49,1.49,1.408,1,Very accurate,NA,NA,NA,NA,NA,1.552,1.552,1.589,1,Very inaccurate,NA,NA,NA,NA,NA,1.542,1.542,1.585,1,Very accurate,NA,NA,NA,NA,NA,NA,NA,NA,NA,NA,2.871,2.871,2.804,1,Very inaccurate,NA,NA,NA,NA,NA,1.686,1.686,1.603,1,Very inaccurate,Fire,1,NA,1,NA,1,NA,1,NA,NA,1,NA,1,1,NA,NA,1,1,NA,1,NA,NA,1,NA,1,1,NA,1,NA,1,NA,NA,1,1,NA,1,NA,NA,1,NA,1,1,NA,1,NA,NA,1,1,NA,NA,1,1,NA,NA,1,NA,1,1,NA,NA,1,1,NA,NA,1,NA,1,1,NA,NA,1,1,NA,1,NA,1,NA,NA,1,NA,1
2023-03-22T03:30:57Z,333,I agree,BW1ObEjcyWdZUfhrcTGZGYDf,22.4,22.4,22.482,1,Slightly accurate,NA,NA,NA,NA,NA,NA,NA,NA,NA,NA,3.715,3.715,3.774,1,Moderately accurate,NA,NA,NA,NA,NA,2.746,2.746,2.802,1,Very inaccurate,NA,NA,NA,NA,NA,1.541,1.541,1.589,1,Very inaccurate,2.078,2.47,2.402,2,Very accurate,NA,NA,NA,NA,NA,NA,NA,NA,NA,NA,7.095,7.095,7.155,1,Moderately accurate,NA,NA,NA,NA,NA,2.401,2.401,2.465,1,Moderately accurate,1.77,1.77,1.824,1,Very inaccurate,NA,NA,NA,NA,NA,NA,NA,NA,NA,NA,2.133,2.133,2.197,1,Very accurate,NA,NA,NA,NA,NA,8.968,8.968,9.028,1,Moderately accurate,3.48,3.48,3.536,1,Very inaccurate,NA,NA,NA,NA,NA,4.417,4.417,4.484,1,Very accurate,NA,NA,NA,NA,NA,NA,NA,NA,NA,NA,1.63,1.63,1.688,1,Very inaccurate,NA,NA,NA,NA,NA,2.158,2.158,2.213,1,Very inaccurate,NA,NA,NA,NA,NA,2.565,2.565,2.619,1,Moderately accurate,1.823,1.823,1.875,1,Very inaccurate,NA,NA,NA,NA,NA,NA,NA,NA,NA,NA,3.459,3.459,3.514,1,Moderately accurate,NA,NA,NA,NA,NA,1.826,1.826,1.888,1,Very accurate,2.24,2.24,2.294,1,Moderately accurate,NA,NA,NA,NA,NA,7.124,7.124,7.181,1,Moderately accurate,NA,NA,NA,NA,NA,NA,NA,NA,NA,NA,2.541,2.541,2.6,1,Very accurate,NA,NA,NA,NA,NA,1.568,1.568,1.633,1,Very accurate,1.75,1.75,1.802,1,Very accurate,NA,NA,NA,NA,NA,NA,NA,NA,NA,NA,3.101,3.101,3.262,1,Very inaccurate,3.003,3.003,3.054,1,Moderately accurate,NA,NA,NA,NA,NA,NA,NA,NA,NA,NA,1.956,1.956,2.015,1,Very inaccurate,2.606,2.606,2.662,1,Moderately accurate,NA,NA,NA,NA,NA,2.437,2.437,2.495,1,Very inaccurate,NA,NA,NA,NA,NA,NA,NA,NA,NA,NA,1.792,1.792,1.849,1,Moderately accurate,2.701,2.701,2.753,1,Moderately accurate,NA,NA,NA,NA,NA,NA,NA,NA,NA,NA,3.781,4.173,4.199,2,Slightly accurate,3.281,3.672,3.7,2,Moderately accurate,NA,NA,NA,NA,NA,3.124,3.513,3.541,2,Moderately accurate,NA,NA,NA,NA,NA,NA,NA,NA,NA,NA,2.91,3.301,3.332,2,Moderately accurate,5.015,5.406,5.434,2,Moderately inaccurate,NA,NA,NA,NA,NA,NA,NA,NA,NA,NA,2.396,2.787,2.816,2,Very accurate,NA,NA,NA,NA,NA,3.233,3.233,3.289,1,Very accurate,NA,NA,NA,NA,NA,2.528,2.528,2.586,1,Moderately inaccurate,2.497,2.497,2.549,1,Moderately inaccurate,NA,NA,NA,NA,NA,15.521,15.521,15.58,1,Slightly accurate,NA,NA,NA,NA,NA,Book chair golden child honey hotel king,1,NA,NA,1,NA,1,NA,1,1,NA,NA,1,NA,1,1,NA,NA,1,NA,1,1,NA,1,NA,NA,1,NA,1,NA,1,1,NA,NA,1,NA,1,1,NA,1,NA,NA,1,NA,1,1,NA,NA,1,1,NA,NA,1,1,NA,1,NA,NA,1,1,NA,NA,1,1,NA,1,NA,NA,1,1,NA,NA,1,NA,1,NA,1,1,NA,1,NA
2023-03-22T03:48:25Z,530,I agree,g3XucbL4zGG60Rr28mvhoVPO,NA,NA,NA,NA,NA,7.769,14.903,15.181,2,Slightly accurate,3.821,13.429,13.493,6,Very accurate,NA,NA,NA,NA,NA,7.587,8.201,8.459,2,Very inaccurate,NA,NA,NA,NA,NA,3.48,3.48,3.406,1,Slightly accurate,NA,NA,NA,NA,NA,NA,NA,NA,NA,NA,7.397,8.509,8.729,2,Very accurate,5.123,8.201,8.425,2,Very accurate,NA,NA,NA,NA,NA,3.008,4.007,4.234,2,Very accurate,NA,NA,NA,NA,NA,NA,NA,NA,NA,NA,9.01,9.01,9.2,1,Moderately inaccurate,NA,NA,NA,NA,NA,4.605,5.735,5.947,2,Very accurate,4.398,5.379,5.304,2,Very accurate,NA,NA,NA,NA,NA,NA,NA,NA,NA,NA,5.606,5.606,5.846,1,Very inaccurate,NA,NA,NA,NA,NA,2.867,4.007,4.255,2,Very accurate,7.005,7.005,7.224,1,Very inaccurate,NA,NA,NA,NA,NA,NA,NA,NA,NA,NA,1.829,2.802,3.001,2,Very accurate,NA,NA,NA,NA,NA,2.063,3.008,3.188,2,Very accurate,1.973,2.705,2.964,2,Very accurate,NA,NA,NA,NA,NA,NA,NA,NA,NA,NA,1.869,3.466,3.531,2,Very accurate,NA,NA,NA,NA,NA,3.735,7.706,7.903,2,Very accurate,1.472,13.496,13.408,2,Moderately accurate,NA,NA,NA,NA,NA,NA,NA,NA,NA,NA,3.94,7.605,7.832,4,Moderately accurate,NA,NA,NA,NA,NA,2.573,3.504,3.772,2,Very accurate,2.732,6.308,6.524,3,Moderately accurate,NA,NA,NA,NA,NA,NA,NA,NA,NA,NA,4.557,5.487,5.406,2,Very accurate,NA,NA,NA,NA,NA,5.307,5.307,5.561,1,Very inaccurate,NA,NA,NA,NA,NA,5.398,10.708,10.933,2,Moderately accurate,NA,NA,NA,NA,NA,2.867,7.116,7.342,3,Very inaccurate,NA,NA,NA,NA,NA,1.836,3.046,3.111,2,Very accurate,4.704,11.308,11.483,2,Moderately accurate,NA,NA,NA,NA,NA,3.441,8.81,9.022,3,Moderately accurate,NA,NA,NA,NA,NA,NA,NA,NA,NA,NA,6.983,12.803,13.051,2,Moderately accurate,2.211,12.707,12.946,3,Slightly accurate,NA,NA,NA,NA,NA,NA,NA,NA,NA,NA,1.804,5.666,5.729,3,Very accurate,NA,NA,NA,NA,NA,2.006,2.602,2.833,2,Very accurate,NA,NA,NA,NA,NA,2.043,5.504,5.684,2,Slightly accurate,NA,NA,NA,NA,NA,2.805,2.805,2.979,1,Very inaccurate,3.5,9.102,9.296,2,Moderately accurate,NA,NA,NA,NA,NA,NA,NA,NA,NA,NA,4.406,4.406,4.6,1,Very inaccurate,NA,NA,NA,NA,NA,2.324,8.103,8.345,2,Slightly accurate,4.004,4.004,4.243,1,Very inaccurate,NA,NA,NA,NA,NA,NA,NA,NA,NA,NA,3.803,3.803,4.054,1,Very inaccurate,"Book hotel, king, skin, tree, child, gold, river,",NA,1,1,NA,1,NA,1,NA,NA,1,1,NA,1,NA,NA,1,NA,1,1,NA,NA,1,NA,1,1,NA,NA,1,NA,1,1,NA,NA,1,NA,1,1,NA,NA,1,NA,1,1,NA,NA,1,NA,1,NA,1,NA,1,NA,1,1,NA,1,NA,NA,1,1,NA,NA,1,NA,1,NA,1,NA,1,1,NA,NA,1,NA,1,1,NA,NA,1
2023-03-22T04:31:11Z,247,I agree,QjhtSJnj6X9yZjMINawJi6uO,2.791,2.791,2.854,1,Slightly inaccurate,NA,NA,NA,NA,NA,1.715,1.715,1.778,1,Moderately accurate,NA,NA,NA,NA,NA,NA,NA,NA,NA,NA,2.744,2.744,2.804,1,Moderately inaccurate,1.681,1.681,1.74,1,Very inaccurate,NA,NA,NA,NA,NA,1.664,1.664,1.721,1,Moderately accurate,NA,NA,NA,NA,NA,2.215,2.215,2.274,1,Moderately accurate,NA,NA,NA,NA,NA,NA,NA,NA,NA,NA,2.073,2.073,2.133,1,Moderately accurate,1.807,1.807,1.892,1,Slightly accurate,NA,NA,NA,NA,NA,1.848,1.848,1.907,1,Moderately accurate,NA,NA,NA,NA,NA,NA,NA,NA,NA,NA,1.68,1.68,1.738,1,Slightly inaccurate,1.531,1.531,1.591,1,Very inaccurate,NA,NA,NA,NA,NA,1.357,1.357,1.415,1,Moderately accurate,NA,NA,NA,NA,NA,NA,NA,NA,NA,NA,2.358,2.358,2.408,1,Slightly accurate,23.06,23.06,23.12,1,Slightly accurate,NA,NA,NA,NA,NA,1.158,1.158,1.212,1,Moderately accurate,NA,NA,NA,NA,NA,NA,NA,NA,NA,NA,3.266,3.266,3.325,1,Moderately accurate,28.756,28.756,28.818,1,Slightly accurate,NA,NA,NA,NA,NA,1.251,1.251,1.309,1,Very accurate,NA,NA,NA,NA,NA,NA,NA,NA,NA,NA,1.949,1.949,2.007,1,Very accurate,1.58,1.58,1.637,1,Moderately accurate,NA,NA,NA,NA,NA,1.227,1.227,1.283,1,Moderately accurate,NA,NA,NA,NA,NA,NA,NA,NA,NA,NA,1.739,1.739,1.799,1,Slightly accurate,1.325,1.325,1.383,1,Very accurate,NA,NA,NA,NA,NA,2.597,2.597,2.657,1,Slightly inaccurate,NA,NA,NA,NA,NA,1.441,1.441,1.503,1,Slightly accurate,NA,NA,NA,NA,NA,1.725,1.725,1.783,1,Moderately inaccurate,NA,NA,NA,NA,NA,2.127,2.127,2.189,1,Slightly accurate,NA,NA,NA,NA,NA,NA,NA,NA,NA,NA,1.375,1.375,1.432,1,Moderately accurate,NA,NA,NA,NA,NA,1.629,1.629,1.69,1,Slightly inaccurate,1.44,1.44,1.499,1,Slightly accurate,NA,NA,NA,NA,NA,NA,NA,NA,NA,NA,1.359,1.359,1.421,1,Slightly inaccurate,1.672,1.672,1.735,1,Slightly accurate,NA,NA,NA,NA,NA,2.463,2.463,2.526,1,Slightly accurate,NA,NA,NA,NA,NA,1.896,1.896,1.96,1,Very accurate,NA,NA,NA,NA,NA,1.564,1.564,1.624,1,Very inaccurate,NA,NA,NA,NA,NA,NA,NA,NA,NA,NA,3.405,3.405,3.464,1,Moderately accurate,6.457,6.457,6.517,1,Very inaccurate,NA,NA,NA,NA,NA,2.285,2.285,2.342,1,Moderately accurate,NA,NA,NA,NA,NA,NA,NA,NA,NA,NA,16.535,16.535,16.596,1,Slightly accurate,1.541,1.541,1.602,1,Very inaccurate,NA,NA,NA,NA,NA,"house, rock, corner",1,NA,1,NA,NA,1,1,NA,1,NA,1,NA,NA,1,1,NA,1,NA,NA,1,1,NA,1,NA,NA,1,1,NA,1,NA,NA,1,1,NA,1,NA,NA,1,1,NA,1,NA,NA,1,1,NA,1,NA,1,NA,1,NA,1,NA,NA,1,NA,1,1,NA,NA,1,1,NA,1,NA,1,NA,1,NA,NA,1,1,NA,1,NA,NA,1,1,NA
2023-03-22T14:07:53Z,310,I agree,kxjxjP1kMxZ08auSXZObjs5H,NA,NA,NA,NA,NA,143.348,143.348,143.465,1,Slightly accurate,NA,NA,NA,NA,NA,1.758,1.758,1.875,1,Very accurate,2.226,2.226,2.201,1,Very inaccurate,NA,NA,NA,NA,NA,NA,NA,NA,NA,NA,1.609,1.609,1.744,1,Slightly accurate,NA,NA,NA,NA,NA,1.421,1.421,1.558,1,Very accurate,NA,NA,NA,NA,NA,3.298,3.298,3.389,1,Moderately accurate,1.446,1.446,1.574,1,Moderately accurate,NA,NA,NA,NA,NA,NA,NA,NA,NA,NA,2.122,2.122,2.264,1,Slightly accurate,NA,NA,NA,NA,NA,1.556,1.556,1.646,1,Very accurate,NA,NA,NA,NA,NA,2.028,2.028,2.153,1,Slightly accurate,2.27,2.27,2.333,1,Very inaccurate,NA,NA,NA,NA,NA,NA,NA,NA,NA,NA,1.647,1.647,1.773,1,Very accurate,1.138,1.138,1.267,1,Slightly accurate,NA,NA,NA,NA,NA,NA,NA,NA,NA,NA,1.351,1.351,1.454,1,Slightly accurate,NA,NA,NA,NA,NA,2.302,2.302,2.499,1,Very accurate,1.727,1.727,1.801,1,Moderately accurate,NA,NA,NA,NA,NA,1.39,1.39,1.504,1,Moderately accurate,NA,NA,NA,NA,NA,1.501,1.501,1.721,1,Moderately accurate,NA,NA,NA,NA,NA,NA,NA,NA,NA,NA,3.5,3.5,3.576,1,Slightly accurate,1.651,1.651,1.6,1,Moderately accurate,NA,NA,NA,NA,NA,2.028,2.028,2.098,1,Moderately accurate,NA,NA,NA,NA,NA,1.806,1.806,1.801,1,Slightly accurate,NA,NA,NA,NA,NA,1.642,1.642,1.801,1,Very accurate,NA,NA,NA,NA,NA,NA,NA,NA,NA,NA,1.816,1.816,1.801,1,Moderately inaccurate,NA,NA,NA,NA,NA,4.601,4.601,4.821,1,Slightly accurate,NA,NA,NA,NA,NA,1.753,1.753,1.893,1,Moderately inaccurate,NA,NA,NA,NA,NA,1.59,1.59,1.704,1,Very accurate,NA,NA,NA,NA,NA,1.466,1.466,1.597,1,Moderately accurate,1.004,1.004,1.224,1,Moderately accurate,NA,NA,NA,NA,NA,1.649,1.649,1.742,1,Slightly accurate,NA,NA,NA,NA,NA,1.347,1.347,1.479,1,Slightly accurate,NA,NA,NA,NA,NA,1.574,1.574,1.67,1,Moderately accurate,NA,NA,NA,NA,NA,2.298,2.298,2.392,1,Moderately accurate,NA,NA,NA,NA,NA,NA,NA,NA,NA,NA,2,2,2.091,1,Moderately accurate,1.699,1.699,1.793,1,Moderately inaccurate,NA,NA,NA,NA,NA,2.067,2.067,2.167,1,Slightly accurate,NA,NA,NA,NA,NA,2.401,2.401,2.639,1,Slightly accurate,NA,NA,NA,NA,NA,1.69,1.69,1.782,1,Moderately accurate,NA,NA,NA,NA,NA,NA,NA,NA,NA,NA,1.685,1.685,1.794,1,Moderately inaccurate,NA,NA,NA,NA,NA,2.201,2.201,2.445,1,Very inaccurate,"garden, church",NA,1,NA,1,1,NA,NA,1,NA,1,NA,1,1,NA,NA,1,NA,1,NA,1,1,NA,NA,1,1,NA,NA,1,NA,1,1,NA,1,NA,1,NA,NA,1,1,NA,1,NA,1,NA,1,NA,NA,1,NA,1,NA,1,NA,1,NA,1,1,NA,1,NA,1,NA,1,NA,1,NA,NA,1,1,NA,1,NA,1,NA,1,NA,NA,1,NA,1
2023-03-22T19:24:20Z,127,I agree,TPG9p3sVfmv1ns0wSYSOyTjD,NA,NA,NA,NA,NA,2.241,2.241,2.248,1,Moderately inaccurate,NA,NA,NA,NA,NA,2.089,2.089,2.096,1,Moderately accurate,NA,NA,NA,NA,NA,1.391,1.391,1.397,1,Moderately inaccurate,NA,NA,NA,NA,NA,2.047,2.047,2.054,1,Slightly inaccurate,NA,NA,NA,NA,NA,1.392,1.392,1.399,1,Slightly accurate,NA,NA,NA,NA,NA,2.079,2.079,2.085,1,Slightly accurate,NA,NA,NA,NA,NA,1.774,1.774,1.78,1,Slightly accurate,1.266,1.266,1.272,1,Moderately accurate,NA,NA,NA,NA,NA,1.274,1.274,1.28,1,Moderately accurate,NA,NA,NA,NA,NA,1.84,1.84,1.845,1,Slightly inaccurate,NA,NA,NA,NA,NA,NA,NA,NA,NA,NA,2.759,2.759,2.765,1,Very inaccurate,1.441,1.441,1.447,1,Moderately accurate,NA,NA,NA,NA,NA,NA,NA,NA,NA,NA,1.603,1.603,1.715,1,Moderately accurate,1.355,1.355,1.361,1,Very accurate,NA,NA,NA,NA,NA,1.376,1.376,1.382,1,Slightly accurate,NA,NA,NA,NA,NA,NA,NA,NA,NA,NA,1.683,1.683,1.689,1,Very accurate,NA,NA,NA,NA,NA,1.345,1.345,1.351,1,Moderately accurate,NA,NA,NA,NA,NA,1.304,1.304,1.309,1,Slightly accurate,1.543,1.543,1.549,1,Slightly accurate,NA,NA,NA,NA,NA,NA,NA,NA,NA,NA,1.421,1.421,1.427,1,Moderately accurate,NA,NA,NA,NA,NA,1.466,1.466,1.472,1,Very accurate,NA,NA,NA,NA,NA,1.644,1.644,1.65,1,Slightly accurate,NA,NA,NA,NA,NA,1.547,1.547,1.553,1,Very accurate,2.474,2.474,2.481,1,Moderately inaccurate,NA,NA,NA,NA,NA,1.472,1.472,1.479,1,Very accurate,NA,NA,NA,NA,NA,1.58,1.58,1.586,1,Moderately inaccurate,NA,NA,NA,NA,NA,1.507,1.507,1.512,1,Moderately accurate,NA,NA,NA,NA,NA,1.552,1.552,1.558,1,Slightly accurate,NA,NA,NA,NA,NA,NA,NA,NA,NA,NA,1.487,1.487,1.492,1,Slightly inaccurate,NA,NA,NA,NA,NA,2.66,2.66,2.665,1,Slightly accurate,NA,NA,NA,NA,NA,1.935,1.935,1.941,1,Slightly accurate,NA,NA,NA,NA,NA,1.554,1.554,1.559,1,Slightly accurate,NA,NA,NA,NA,NA,2.923,2.923,2.929,1,Slightly accurate,1.997,1.997,2.002,1,Moderately accurate,NA,NA,NA,NA,NA,NA,NA,NA,NA,NA,1.844,1.844,1.85,1,Moderately inaccurate,NA,NA,NA,NA,NA,1.56,1.56,1.566,1,Moderately accurate,NA,NA,NA,NA,NA,1.391,1.391,1.397,1,Very inaccurate,NA,NA,NA,NA,NA,1.627,1.627,1.633,1,Moderately accurate,1.397,1.397,1.403,1,Moderately inaccurate,NA,NA,NA,NA,NA,1.663,1.663,1.669,1,Very inaccurate,NA,NA,NA,NA,NA,"sky, house, ocean, beach, mountain",NA,1,NA,1,NA,1,NA,1,NA,1,NA,1,NA,1,1,NA,1,NA,1,NA,NA,1,1,NA,NA,1,1,NA,1,NA,NA,1,NA,1,NA,1,1,NA,NA,1,NA,1,NA,1,NA,1,1,NA,1,NA,1,NA,1,NA,1,NA,NA,1,NA,1,NA,1,NA,1,NA,1,1,NA,NA,1,NA,1,NA,1,NA,1,1,NA,1,NA
2023-03-23T16:06:41Z,801,I agree,ug63wJZZLmnB9cy8FklO6c0A,8.707,8.707,8.846,1,Slightly accurate,NA,NA,NA,NA,NA,3.381,3.381,3.406,1,Very accurate,NA,NA,NA,NA,NA,3.288,3.288,3.315,1,Very inaccurate,NA,NA,NA,NA,NA,5.527,5.527,5.552,1,Very inaccurate,NA,NA,NA,NA,NA,2.674,2.674,2.701,1,Very accurate,NA,NA,NA,NA,NA,3.998,3.998,3.901,1,Slightly accurate,NA,NA,NA,NA,NA,0.352,0.352,0.38,1,Slightly accurate,NA,NA,NA,NA,NA,NA,NA,NA,NA,NA,3.319,3.319,3.347,1,Very inaccurate,3.565,3.565,3.59,1,Very accurate,NA,NA,NA,NA,NA,NA,NA,NA,NA,NA,7.173,7.173,7.197,1,Moderately accurate,6.86,6.86,6.886,1,Very inaccurate,NA,NA,NA,NA,NA,NA,NA,NA,NA,NA,3.047,3.047,3.071,1,Very accurate,4.38,4.38,4.301,1,Moderately inaccurate,NA,NA,NA,NA,NA,NA,NA,NA,NA,NA,5.987,5.987,5.906,1,Moderately accurate,4.701,4.701,4.83,1,Very accurate,NA,NA,NA,NA,NA,NA,NA,NA,NA,NA,4.672,4.672,4.701,1,Slightly inaccurate,NA,NA,NA,NA,NA,5.278,5.278,5.301,1,Moderately accurate,4.893,4.893,4.812,1,Very accurate,NA,NA,NA,NA,NA,NA,NA,NA,NA,NA,3.737,3.737,3.765,1,Very accurate,2.996,2.996,2.901,1,Very accurate,NA,NA,NA,NA,NA,4.631,4.631,4.657,1,Moderately accurate,NA,NA,NA,NA,NA,4.137,4.137,4.163,1,Moderately accurate,NA,NA,NA,NA,NA,2.301,2.301,2.432,1,Very accurate,NA,NA,NA,NA,NA,3.341,3.341,3.366,1,Very inaccurate,NA,NA,NA,NA,NA,NA,NA,NA,NA,NA,5.485,5.485,5.402,1,Slightly inaccurate,NA,NA,NA,NA,NA,2.825,2.825,2.851,1,Slightly accurate,7.151,7.151,7.179,1,Moderately accurate,NA,NA,NA,NA,NA,3.263,3.263,3.287,1,Very accurate,NA,NA,NA,NA,NA,5.502,5.502,5.53,1,Moderately inaccurate,NA,NA,NA,NA,NA,NA,NA,NA,NA,NA,1.085,1.085,1.003,1,Moderately inaccurate,1.496,1.496,1.406,1,Moderately accurate,NA,NA,NA,NA,NA,NA,NA,NA,NA,NA,7.894,7.894,7.808,1,Very accurate,7.693,7.693,7.609,1,Moderately inaccurate,NA,NA,NA,NA,NA,NA,NA,NA,NA,NA,9.834,9.834,9.861,1,Moderately accurate,NA,NA,NA,NA,NA,6.5,6.5,6.628,1,Very inaccurate,3.084,3.084,3.001,1,Very accurate,NA,NA,NA,NA,NA,6.434,6.434,6.457,1,Moderately inaccurate,NA,NA,NA,NA,NA,1.148,4.449,4.473,2,Slightly accurate,NA,NA,NA,NA,NA,NA,NA,NA,NA,NA,3.66,3.66,3.689,1,Very inaccurate,NA,NA,NA,NA,NA,4.309,4.309,4.331,1,Slightly inaccurate,"gold, river, market, king, child, hotel, paper",1,NA,1,NA,1,NA,1,NA,1,NA,1,NA,1,NA,NA,1,1,NA,NA,1,1,NA,NA,1,1,NA,NA,1,1,NA,NA,1,NA,1,1,NA,NA,1,1,NA,1,NA,1,NA,1,NA,1,NA,NA,1,NA,1,1,NA,1,NA,1,NA,NA,1,1,NA,NA,1,1,NA,NA,1,NA,1,1,NA,1,NA,1,NA,NA,1,NA,1
2023-03-26T13:37:42Z,143,I agree,67qnhIMEhLlT2yOp0tVsdBTL,NA,NA,NA,NA,NA,3.434,3.434,3.494,1,Slightly inaccurate,1.548,1.548,1.607,1,Slightly accurate,NA,NA,NA,NA,NA,6.004,6.004,6.065,1,Moderately accurate,NA,NA,NA,NA,NA,NA,NA,NA,NA,NA,1.148,1.148,1.207,1,Very accurate,NA,NA,NA,NA,NA,1.754,1.754,1.815,1,Moderately inaccurate,NA,NA,NA,NA,NA,1.577,1.577,1.64,1,Slightly inaccurate,1.596,1.596,1.656,1,Moderately inaccurate,NA,NA,NA,NA,NA,1.169,1.169,1.228,1,Very accurate,NA,NA,NA,NA,NA,NA,NA,NA,NA,NA,5.327,5.327,5.385,1,Very inaccurate,1.574,1.574,1.633,1,Moderately inaccurate,NA,NA,NA,NA,NA,NA,NA,NA,NA,NA,1.885,1.885,1.943,1,Very inaccurate,1.38,1.38,1.44,1,Slightly inaccurate,NA,NA,NA,NA,NA,NA,NA,NA,NA,NA,1.276,1.276,1.333,1,Very accurate,1.814,1.814,1.874,1,Slightly accurate,NA,NA,NA,NA,NA,NA,NA,NA,NA,NA,2.58,2.58,2.641,1,Slightly accurate,2.072,2.072,2.132,1,Moderately accurate,NA,NA,NA,NA,NA,4.905,4.905,4.965,1,Slightly accurate,NA,NA,NA,NA,NA,NA,NA,NA,NA,NA,2.504,2.504,2.561,1,Moderately inaccurate,1.401,1.401,1.456,1,Slightly inaccurate,NA,NA,NA,NA,NA,NA,NA,NA,NA,NA,1.74,1.74,1.799,1,Moderately inaccurate,NA,NA,NA,NA,NA,1.336,1.336,1.395,1,Moderately accurate,NA,NA,NA,NA,NA,1.319,1.319,1.373,1,Slightly inaccurate,NA,NA,NA,NA,NA,1.841,1.841,1.899,1,Very accurate,NA,NA,NA,NA,NA,1.748,1.748,1.804,1,Moderately accurate,1.755,1.755,1.809,1,Moderately inaccurate,NA,NA,NA,NA,NA,1.423,1.423,1.485,1,Very accurate,NA,NA,NA,NA,NA,NA,NA,NA,NA,NA,1.143,1.143,1.201,1,Slightly accurate,NA,NA,NA,NA,NA,3.054,3.054,3.103,1,Very accurate,NA,NA,NA,NA,NA,1.199,1.199,1.259,1,Slightly inaccurate,1.477,1.477,1.537,1,Very inaccurate,NA,NA,NA,NA,NA,NA,NA,NA,NA,NA,3.559,3.559,3.615,1,Slightly accurate,4.455,4.455,4.507,1,Slightly inaccurate,NA,NA,NA,NA,NA,NA,NA,NA,NA,NA,6.298,6.298,6.36,1,Very inaccurate,1.399,1.399,1.458,1,Very accurate,NA,NA,NA,NA,NA,1.378,1.378,1.436,1,Slightly inaccurate,NA,NA,NA,NA,NA,NA,NA,NA,NA,NA,2.117,2.117,2.177,1,Slightly accurate,NA,NA,NA,NA,NA,1.213,1.213,1.269,1,Very inaccurate,NA,NA,NA,NA,NA,1.922,1.922,1.984,1,Moderately accurate,1.272,1.272,1.33,1,Slightly inaccurate,NA,NA,NA,NA,NA,1.931,1.931,1.985,1,Slightly accurate,NA,NA,NA,NA,NA,"Blood, child",NA,1,1,NA,1,NA,NA,1,NA,1,NA,1,1,NA,1,NA,NA,1,1,NA,NA,1,1,NA,NA,1,1,NA,NA,1,1,NA,1,NA,NA,1,1,NA,NA,1,NA,1,NA,1,NA,1,NA,1,1,NA,1,NA,NA,1,NA,1,NA,1,1,NA,NA,1,1,NA,NA,1,1,NA,1,NA,NA,1,NA,1,NA,1,1,NA,1,NA
